year,date,heading,text,Link,Writer
"1,917",2/2/1917,νγ§  ιεν©,νγ§  ιεν© ν Ά­©ο¥  ιεν© μξ ι©«ι΅ ιιξ ©«ιμ ¥§ ©« ιν©΅ ι ©οαλο΅ ™©£© ¤οκ«  ιεν©  Ά©ο¦ 2 λνεκ © 1917 ιξ κ­©εο ν«ο«ο  ©οαλο ιιν©§ ιονλοι ©νΆ¬οι§ ο¬ο© εομ ιΆοο§ ¥θνκ΅ ©οαλο ιλ¬ ναλ ηνκο ιιομν§ εξ ει«αολ,https://ar.m.wikipedia.org/wiki/%D9%88%D8%B9%D8%AF_%D8%A8%D9%84%D9%81%D9%88%D8%B1,¬μ§ ¦©ον¬
"1,917","1,917",«Ά«ικ ι§νι΅ ιγ£κλο΅,«Ά«ικ ι§νι΅ ιγ£κλο΅ γκ 1917 ¬©θΆ ι§νι΅ ιγ£κλο΅  ι¥©  ιγικο΅ ινιξ  ν­εμ ¥§ξ ηνξ ικ©θ ν§¦ιΆ ι¥©   γ§ μ¤νκ κε¤ γιξ «¥ι ι ¥© ι«ν§ ν©§Ά ©ν«ο  γιλ ι¥©  εη§ ¥© Ά ιηνΆ ιγ£κλο΅ ινεη εο ι ιηλ ν?κ«©¥ ι¬©η ιν«α νθλΆ μοκΆμ εο ι¥©  «λ΅ 1918,https://ar.m.wikipedia.org/wiki/%D8%A7%D9%84%D8%AF%D9%88%D9%84%D8%A9_%D8%A7%D9%84%D8%B9%D8%AB%D9%85%D8%A7%D9%86%D9%8A%D8%A9_%D9%81%D9%8A_%D8%A7%D9%84%D8%AD%D8%B1%D8%A8_%D8%A7%D9%84%D8%B9%D8%A7%D9%84%D9%85%D9%8A%D8%A9_%D8%A7%D9%84%D8%A3%D9%88%D9%84%D9%89,¬μ§ ¦©ον¬
"1,918","1,918",¥Άιι ει«αολ  ¬θι θκι κλ ι¤λ©ι ιιλ ο,ι¤λ©ι ιιλ ο η§ ιηνΆ ι ©οαλο΅ εο κγ©θ΅ κ¤§ν ΰ§ ιηνΆ ιγ£κλο΅  ιΆο λΆμΆ  εν ι ©οαλοολ νδνμκ ιει«αολ  μ¤νκ  § κλ «μι κ©¤  λ γκ© κλ ¤μ΅ ιδ©  .,https://ar.m.wikipedia.org/wiki/%D9%85%D8%B9%D8%B1%D9%83%D8%A9_%D9%85%D8%AC%D8%AF%D9%88_(1918),¬μ§ ¦©ον¬
"1,922",11/9/1922,­θ ογμ§  §©΅ ει«αολ ι ©οαλο,"εο 11 « Άκ © 1922 η©‘Ά γ­ ΅ ικκ ιλΆ§  ©«κο? ν¨ιθ  ­§© ­θ ογμ§  §©΅ ει«αολ ι ©οαλο ιγκ 1948.",https://ar.m.wikipedia.org/wiki/%D8%A7%D9%84%D8%A7%D9%86%D8%AA%D8%AF%D8%A7%D8%A8_%D8%A7%D9%84%D8%A8%D8%B1%D9%8A%D8%B7%D8%A7%D9%86%D9%8A_%D8%B9%D9%84%D9%89_%D9%81%D9%84%D8%B3%D8%B7%D9%8A%D9%86,«οι δ ©
"1,929",8/8/1929,£ν©΅ ι ©η,"£ν©΅ ι ©η μν ι«κ ι¨ο αιημ ιει«αολονλ γιξ ¬Ά θΆ γλοε΅ λ§ιγΆ εο κ§ολ΅ ιη§« νοε ν ­ε§ ν ι¦ιοι εο 9 δ«α« 1929? ¥ο£  ιδΆ γ§§ ι¦«©  116 ¬μο§ ει«αολο ν133 ηΆοι ομν§ο 232 ¤©ο¥ ει«αολο ν339 ¤©ο¥ ομν§ο",https://ar.wikipedia.org/wiki/%D8%AB%D9%88%D8%B1%D8%A9_%D8%A7%D9%84%D8%A8%D8%B1%D8%A7%D9%82,μ μ ι¥ιν¥
"1,930",17/6/1930,γ§κ ιη§΅ ι£ι£΅ κ¥κ§ ¤κ¤νκ νε›§ ¥¤ο νγα ιο©,"ηκΆ «ιαΆ ι«Άγκ© ι ©οαλο΅ ονκ ι£ι£ 17 ονλον/¥ο©λ γκ 1930  ­§© ¥θκ γ§κ  ¥η 26 κλΰιρ ει«αολορ ¬©θν εο μ¨μ ι£ν©΅? £κ Άκ «Ά §ι Άιθ ι¥θκ  ι«¤λ ικ› § ι• 23 κλμκ? νλε‘¨Ά ¥θκ ιγ§κ εο ιη§΅ ι£ι£΅ κ¥κ§ ¤κ¤νκ νε›§ ¥¤ο νγα ιο©",https://hadfnews.ps/post/17397/%D8%B4%D9%87%D8%AF%D8%A7%D8%A1-%D8%AB%D9%88%D8%B1%D8%A9-%D8%A7%D9%84%D8%A8%D8%B1%D8%A7%D9%82-%D9%85%D8%AD%D9%85%D8%AF-%D8%AC%D9%85%D8%AC%D9%88%D9%85-%D9%88%D9%81%D8%A4%D8%A7%D8%AF-%D8%AD%D8%AC%D8%A7%D8%B2%D9%8A-%D9%88%D8%B9%D8%B7%D8%A7-%D8%A7%D9%84%D8%B2%D9%8A%D8%B1,μ μ ι¥ιν¥
"1,935",20/11/1935,«Ά¬μ§ ι¬ο¦ γ ι§ολ ιη«κ ν©εημ,«Ά¬μ§ ι¬ο¦ γ ι§ολ ιη«κ ν©εημ εο κγ©θ΅ δο© κΆθε΅ κγ ι¬©α΅ νι¤ο¬ ι ©οαλο εο ¥©¬ ¤ ι ι¦αε  ιη©  κλ λι΅ ι¬ο¦ ο§ ινηγ΅ γιξ κ«ε΅ ¥νιο £ι£΅ θοινκΆ©Ά ¬κι ογ §,https://www.arab48.com/%D9%81%D9%84%D8%B3%D8%B7%D9%8A%D9%86%D9%8A%D8%A7%D8%AA/%D8%AF%D8%B1%D8%A7%D8%B3%D8%A7%D8%AA-%D9%88%D8%AA%D9%82%D8%A7%D8%B1%D9%8A%D8%B1/2015/11/21/%D9%81%D9%8A-%D8%B0%D9%83%D8%B1%D9%89-%D8%A7%D8%B3%D8%AA%D8%B4%D9%87%D8%A7%D8%AF-%D8%A7%D9%84%D9%82%D8%B3%D8%A7%D9%85-%D9%85%D8%B9%D8%B1%D9%83%D8%A9-%D8%A3%D8%AD%D8%B1%D8%A7%D8%B4-%D8%A7%D9%84%D8%AE%D8%B7%D8%A7%D9%81,¬μ§ ¦©ον¬
"1,936",16/6/1936,ι£ν©΅ ιει«αολο΅ ιθ ©ξ,"£ν©μ ει«αολ ιΆο γ©εΆ  ""ι£ν©μ ιθ ©ξ"" ιλΆεΰμ ιΆο ηκ ιει«αολολ ΰ§ ι ©οαλοολ ιικαι μ  ι«Άηιι ?κ §ξ ιξ ¥νιο 5,000 ηΆοι ν 15,000 ¤©ο¥ ν γ§κ 108?¥ο£ λμκ εο ονκ 16 κον 1936  γΆ ©μ""ονκ ει«αολ""§γν εομ ιο ιΰ©  ιγκ. ",https://ar.m.wikipedia.org/wiki/%D8%AB%D9%88%D8%B1%D8%A9_%D9%81%D9%84%D8%B3%D8%B7%D9%8A%D9%86_1936,«οι δ ©
"1,945","1,945",Ά«ο« ¤κγ΅ ι§νι ιγ© ο΅,"μο ¤κγ΅ Άκ Ά«ο«μ γκ 1945 νμο Ά§γκ ¬Άξ ιηΰο ιγ© ο΅ νιθνλ ιηΰο΅ ιει«αολο΅ ""ηΰο΅ ιγ©  ινιξ"" θ§ η§΅ ι§νι ιγ© ο΅ εο κ›Άκ© ιηκ΅ ιγ© ο ιγ§ο ιΆ«γ εο ιγ­κ΅ ιγ©ηο΅  δ§§? §γκμκ ικλβκ΅ ιΆ¥©ο© ιει«αολο΅? νΰ©ν©΅ ικνεη΅ γιξ ο ¥ι κ«Άη ιο ιιηΰο΅ ιει«αολο΅.",https://al-ain.com/article/arab-league-resolutions-history,μ μ ι¥ιν¥
"1,947",15/5/1947,ι¤λ΅ ιονλ«θν ,"¦Ά­© ι• UNISCOP? λ¬Ά εο 15 κον κλ ιγκ 1947 ι§©«΅ ικ«ι΅ ιει«αολο΅ να©¥ κηΆ©¥Ά ι¥ι κ¬θι΅ ει«αολ  γ§ λ«¥   ©οαλο κλ ει«αολ  λ γιξ η©© ι¤κγο΅ ιγκ΅ ι¨ο ¥κι ©ηκ (106) ν θλΆ Άΰκ ονδν«ιεο ν ι ο©ν ν ο©λ ν ιμλ§ ν θλ§ ν ιλκ« ν δνΆοκι ν ι«νο§ ν ν©νδνο? ν Ά¬οθν«ινεθο ν μνιλ§. ν η§ γαοΆ ιι¤λ΅ ¥η ¦Άο© ια©οη΅ ικλ« ΅ ιγκιμ? νη§κΆ Άη©ο©μ ιξ ικκ ικΆ¥§΅ ι¨ο α©¥ κ¬©νγολ? ινι Άη«οκ ει«αολ ιξ §νιΆολ:γ© ο΅ νομν§ο΅?  ολκ ¨μ  ικ¬©νγ ι™¦© ιξ λ¬ §νι΅ θνλε§©ιο΅ Ά¬κι θι ει«αολ",https://www.wikiwand.com/ar/%D9%84%D8%AC%D9%86%D8%A9_%D8%A7%D9%84%D9%8A%D9%88%D9%86%D8%B3%D9%83%D9%88%D8%A8,μ μ ι¥ιν¥
"1,947",29/2/1947,η©© ιΆη«οκ,"η©© Άη«οκ ει«αολ μν ι«κ ι¨ο αιη γιξ η©© ι¤κγο΅ ιγκ΅ ιΆ γ΅ ιμο΅ ικκ ικΆ¥§΅ ©ηκ 181 νι¨ο υ­§©  Ά©ο¦ 29 λνεκ © 1947  γ§ ιΆ­νοΆ γιξ λμ ιλΆ§  ι ο©αλο νΆη«οκ ει«αολ ιξ θολολ §νι΅ γ© ο΅: Ά ιδ κ«¥Άμ ¥νιο 4,300 κοι κ© γ (11,000 θ•κ2) κ οκ£ι 42.3% κλ ει«αολ  §νι΅ ομν§ο΅: Ά ιδ κ«¥Άμ ¥νιο 5,700 κοι κ© γ (15,000 θ•κ2) κ οκ£ι 57.7% κλ ει«αολ θλ μ¨ ιη©© κλ νι κ¥νιΆ ικκ ικΆ¥§΅ ι¥ι ιηΰο΅ ιει«αολο΅.",https://ar.wikipedia.org/wiki/%D9%82%D8%B1%D8%A7%D8%B1_%D8%AA%D9%82%D8%B3%D9%8A%D9%85_%D9%81%D9%84%D8%B3%D8%B7%D9%8A%D9%86,μ μ ι¥ιν¥
"1,947","1,947",¤ο¬ ιλη¨,"¤ο¬ ιλη¨ ¤ο¬ ¬θι γκ 1947 κλ η ι ιι¤λ΅ ιγ«θ©ο΅ ιι¤κγ΅ ιγ© ο΅ κλ ικΆανγολ κλ ι ι§λ ιγ© ο΅? ¬©θ ι¤ο¬ εο ¥©  1948 νθλ ι¤ο¬ η§ αιη γιομ εο ι §ο΅ «κ ¤ο¬ ιΆ¥©ο© £κ δο© ι«κ ιξ ¤ο¬ ιλη¨. νη§ ΰκ ι¤ο¬ ¥νιο 3,830 κΆανγρ κ«¤ιρ εο ν£η ι¤κγ΅ ιγ© ο΅ νη§ υγαοΆ ηο§΅ ιιν «κγοι ­ενΆ ιγ©ηο £κ υγαοΆ ηο§΅ ι¤ο¬ ιιΰ α ενο ιηνη¤ο θη§ γιξ ιν¥§Ά ¤ο¬ ιλη¨ νθλ λ¬αμκ εο ιγκο 1947 - 1948 ",https://ar.wikipedia.org/wiki/%D8%AC%D9%8A%D8%B4_%D8%A7%D9%84%D8%A5%D9%86%D9%82%D8%A7%D8%B0,μ μ ι¥ιν¥
"1,948",15/4/1948,κ¨ ¥΅ §ο© ο«ολ,"μο γκιο΅  §΅ να©§ ¤κγο λε¨Άμ εο λο«λ 1948 κ¤κνγΆ ι©δνλ ν¬Άο©λ ι­μονλοΆλ εο η©ο΅ §ο© ο«ολ ιει«αολο΅ δ© ο ιη§«. θλ κγβκ ΰ¥ο ικ¤©΅ κλ ικ§λοολ νκλμκ αει νλ« νγ¤΅? νοΆ©ν¥ Άη§ο© γ§§ ιΰ¥ο  ολ 250 ν 360 ¥«  ικ­§© ιγ© ο΅ νιει«αολο΅? ν109 ¥«  ικ­§© ιδ© ο΅.  γ§ κ¨ ¥΅ §ο© ο«ολ? «Άναλ ιομν§ ιη©ο΅ νεο γκ 1980 γ§ ιομν§ ι λ εο ιη©ο΅ ενη ληΰ ικ λο ι­ιο΅ ν«κν ι¬ν©γ  «κ κηΆιολ ι©¤νλ ι¨ολ λε‘¨ν ικ¨ ¥΅",https://ar.wikipedia.org/wiki/%D9%85%D8%B0%D8%A8%D8%AD%D8%A9_%D8%AF%D9%8A%D8%B1_%D9%8A%D8%A7%D8%B3%D9%8A%D9%86,μ μ ι¥ιν¥
"1,948",14/5/1948,ν£οη΅ γιλ §νι΅ ιθολ,"ν£οη΅ γιλ ηοκ §νι΅ «©οι μο ν£οη΅ θΆ Ά εο 14 ο© / κον 1948  γ§ λΆμ ιλΆ§  ι ©οαλο γιξ ει«αολ νγιλ §οεο§  λ δν©ονλ ι©ο« ιΆλεο¨ο ιικλβκ΅ ι­μονλο΅ ιγικο΅ νκ§ο© ινθι΅ ιομν§ο΅ ηοκ ι§νι΅ ι«©οιο΅ νγν§΅ ι¬γ  ιομν§ο ιξ κ «κμ ©ΰμ ιΆ©ο¦ο΅.  ι©δκ κλ λ ιν£οη΅ μο κ©«νκ γιλο ¥Άειο Άκ ιγιλ γλμ γλ§ ηκ΅ §νι΅ «©οι ν¬κιΆ Άν¤ομΆ γκ΅ ¥νι «« ι§νι΅ νικ ©©Ά να γ ι§νι΅ ι λμ ικ Ά¥βξ  κθλ΅ §«Άν© κικ ιλμ ικ Άκ©  κ©¥ι Ά¬©ογ ιηλνλ? ιθλ λβ© ιδο  ι§«Άν© εο §νι΅ «©οι Άι¤ ιομ δι  «ιαΆ ι¥θκ νΆγΆ © κ©¤γρ ιμ ε£λ «λ ιηλνλ ν­§© ¥θκ οι¤ ιομ ιηΰ΅ νικ¬©γνλ  νΆκ ¥Άιι ι©ΰο θ£© κκ Άκ Ά¥§ο§μ εο η©© ιΆη«οκ νΆκ ¥Άιι ι¤ ιδ© ο κλ ιη§«.",https://ar.wikipedia.org/wiki/%D9%88%D8%AB%D9%8A%D9%82%D8%A9_%D8%A5%D8%B9%D9%84%D8%A7%D9%86_%D9%82%D9%8A%D8%A7%D9%85_%D8%AF%D9%88%D9%84%D8%A9_%D8%A5%D8%B3%D8%B1%D8%A7%D8%A6%D9%8A%D9%84,μ μ ι¥ιν¥
"1,948",15/5/1948,λΆμ ιλΆ§  ι ©οαλο ιει«αολ,"ν¥§£ ¨ιθ γλ§κ §©θΆ  ©οαλο λ ι¥©θ΅ ι­μονλο΅ ­ ¥Ά η§©΅ γιξ ¬η α©οημ  λε«μ ?νλ Άλεο¨ Ά­©ο¥  ιεν©  Ά ν¬οθρ ?νΆκ ιγιλ λ ηοκ §νι΅ «©οι η§ §¦ι ¥ο ιΆλεο¨ ?ν γ§ ¨ιθ §¦ιΆ ¤ον¬ ιγ© ο΅ ι« γμ ιο ει«αολ",http://www.wafa.ps/ar_page.aspx?id=2TiTyba64514577105a2TiTyb,«οι δ ©
"1,948",23/5/1948, κ¤©΅ ιαλαν©μ,"ιαλαν©΅ η©ο΅ ει«αολο΅ Άηγ ιο ι¤λν  κλ κ§ολ΅ ¥οε? νεο 22-23 κον ηκ ι¥Άιι ι­μονλο  κ¤©΅ ιαλαν©μ νμο κλ  ¬γ κ¤© ιΆο ηκ  μ ι¥Άιι? ¥ο£ «ηα κ οη©  230 ει«αολο εο ικ¤©΅ ? νθλΆ ικ¤©μ  γ§ « νγ κλ γιλ ηοκ §νι΅ ι¥Άιι «©οιο΅",https://ar.m.wikipedia.org/wiki/%D8%A7%D9%84%D8%B7%D9%86%D8%B7%D9%88%D8%B1%D8%A9_(%D8%AD%D9%8A%D9%81%D8%A7),«οι δ ©
"1,948",17/9/1948,ηΆι ιν«οα ιθνλΆ  ©λ§νΆ γιξ ο§ γ­ Ά ιμδλμ ν©δνλ,"θλ κ­ο© ιν«οα ι§νιο ιικκ ικΆ¥§΅ ιθνλΆ   ©λ§νΆ ιηΆι γιξ ο§ γ­ Ά ιμδλμ ν©δνλ  «   ηΆ©¥Άμ κ£ι νΰγ ¥§ ιιμ¤©΅ ιομν§ο΅ ννΰγ ιη§«  θκιμ Ά¥Ά ι«ο§΅ ιει«αολο΅ ? νλε¨Ά  ιεγι γκιο΅ ιδΆοι εο 17 « Άκ ©/ οινι 1948? εκΆ γλ γκ© ολμ ι• 53 γκρ",https://ar.m.wikipedia.org/wiki/%D9%82%D8%B1%D8%A7%D8%B1_%D8%AD%D9%82_%D8%A7%D9%84%D8%B9%D9%88%D8%AF%D8%A9_%D9%84%D9%84%D8%A7%D8%AC%D8%A6%D9%8A%D9%86_%D8%A7%D9%84%D9%81%D9%84%D8%B3%D8%B7%D9%8A%D9%86%D9%8A%D9%8A%D9%86,«οι δ ©
"1,948",11/12/1948,"Ά λ‘ξ ινε§ ι ©οαλο εο ι¤κγο΅ ιγκ΅ ιικκ ικΆ¥§΅ ηΆ©¥ ""ιι¤ολ""","νεο 11/12/1948 ­§©Ά ι¤κγο΅ ιγκ΅ ιικκ ικΆ¥§΅ ιη©© ©ηκ 194 ιεη©μ 11 ?¥ο£ ο§γν ιη©© ιξ Άα οη ¥η ιγν§΅ θ¤ ««ο ν­οι κλ ιηλνλ ι§νιο? νο›θ§ γιξ ν¤ν  ι«κ¥ ιι©δ ολ κλ ιι¤ολ εο ιγν§΅ ιξ §ο©μκ ι­ιο΅? νι¦ο© μλ ογν§ ιξ ­¥  ι¥η εο λ ογν§ νιο« ιδο©μ λ οη©© λο ΅ γλμ ν οκλγμ? ν¨ κλγ κλ ιγν§΅  ιην΅? εμ¨ ογΆ © γκιρ γ§νλορ.",https://ar.m.wikipedia.org/wiki/%D9%82%D8%B1%D8%A7%D8%B1_%D8%AD%D9%82_%D8%A7%D9%84%D8%B9%D9%88%D8%AF%D8%A9_%D9%84%D9%84%D8%A7%D8%AC%D8%A6%D9%8A%D9%86_%D8%A7%D9%84%D9%81%D9%84%D8%B3%D8%B7%D9%8A%D9%86%D9%8A%D9%8A%D9%86,«οι δ ©
"1,949",24/2/1949,"κ­© ν«©οι Άνηγλ εο ""©ν§«"" γιξ Άεηο΅ ιμ§λ΅ ","¥ο£ γκιΆ γιξ νηε ιγκιοΆ ιγ«θ©ο΅ £λ ικενΰΆ? νγ§κ γΆ§ ο α©ε γιξ ι¦© £λ εΆ©΅ ιμ§λ΅ ?ν Ά¥§ο§ ¦αα ιμ§λ΅ ν¥Άεβ θι α©ε  κνηγμ νκαι μ -ν Ά¦εοΰ ιηνΆ εο κλαη΅  οΆ ι¥κ? ι¦ιοι ?κλαη΅ δ΅? ©ε¥ ",http://www.wafa.ps/ar_page.aspx?id=6bfcVza76570432356a6bfcVz,«οι δ ©
"1,949",23/3/1949,Άκ ιΆνηογ γιξ Άεη ιμ§λ΅ κγ ι λλ ,"θλΆ ιληα ι©ο«ο΅ μο: ¥θκ μ¨ ιΆεη ιΆο Άε©ΰμ ιγΆ ©Ά ιγ«θ©ο΅ γιξ ν¤μ ι¥­©. ¦α ιμ§λ΅ ? Άκ ©«κμ γιξ ανι ι¥§ν§ ι§νιο΅  ολ ι λλ νει«αολ. «¥ Ά «©οι ηνΆμ κλ 13 η©ο΅ εο ι©ΰο ιι λλο΅? ιΆο ¥ΆιΆ £λ ι¥©  ",https://www.lebarmy.gov.lb/ar/content/%D8%A7%D8%AA%D9%81%D8%A7%D9%82%D9%8A%D8%A9-%D8%A7%D9%84%D9%87%D8%AF%D9%86%D8%A9-%D8%A7%D9%84%D9%84%D8%A8%D9%86%D8%A7%D9%86%D9%8A%D8%A9-%D8%A7%D9%84%D8%A5%D8%B3%D8%B1%D8%A7%D8%A6%D9%8A%D9%84%D9%8A%D8%A9-%D9%84%D9%84%D8%B9%D8%A7%D9%85-1949-%D8%A3%D8%A8%D8%B9%D8%A7%D8%AF%D9%87%D8%A7%D8%8C-%D8%A5%D8%B7%D8%A7%D8%B1%D9%87%D8%A7-%D8%A7%D9%84%D9%82%D8%A7%D9%86%D9%88%D9%86%D9%8A%D8%8C-%D9%88%D8%A3%D9%87%D9%85%D9%8A%D8%AA%D9%87%D8%A7,«οι δ ©
"1,949",3/4/1949,Άεη ιμ§λ΅ κγ ι©§λ ,"νιληα ι©ο«ο΅ μο: ι ο¦ι ο ¥θκ κλ ¥θκ μ¨ ιΆεη  ο ¬θι κλ ι¬θι   ¥ηνη ο κλ ια©εολ νκαι μκ νκνηεμκ εο ιΆ«νο΅ ι«ικο΅ ιλμο΅ ιιηΰο΅ ιει«αολο΅? νμο ¥θκ μ¨ ιΆεη ιΆο Άε©ΰμ ιγΆ ©Ά ιγ«θ©ο΅ §νλ δο©μ.  η ιηνΆ ι©§λο΅ εο κγβκ κνηγμ? ι «οκ ιη§« ι¬©ηο΅ ιΆο ¬κιΆ ικ§ολ΅ ιη§οκ΅. Ά §ι ι«οα©΅ γιξ ι©ΰο: ¥­ιΆ «©οι γιξ ι«οα©΅ εο ικλαη΅ ικγ©νε΅  «κ ν§ο γ©΅ νικ£ι£ ι­δο© κη ι ι©ΰο ινηγ΅ εο ιΆιι ι¤λν ο΅ κλ ι¦ιοι.",https://stringfixer.com/ar/1949_Armistice_Agreements,«οι δ ©
"1,949",11/3/1949,η©©ι¤κγομ ιγκμ ιικκ ικΆ¥§΅ 273,"Άκ γΆκ§η©©ι¤κγομ ιγκμ ιικκ ικΆ¥§΅ 273? ιη νι αι §νιμ «©οιι§¦νι εο γΰνο΅ικκ ικΆ¥§΅ ",https://ar.m.wikipedia.org/wiki/%D9%82%D8%B1%D8%A7%D8%B1_%D8%A7%D9%84%D8%AC%D9%85%D8%B9%D9%8A%D8%A9_%D8%A7%D9%84%D8%B9%D8%A7%D9%85%D8%A9_%D9%84%D9%84%D8%A3%D9%85%D9%85_%D8%A7%D9%84%D9%85%D8%AA%D8%AD%D8%AF%D8%A9_273,«οι δ ©
"1,949",8/12/1949,λ¬ νθι΅ δν£ ιι¤ολ ,"­§©Ά ικκ ικΆ¥§΅ ιη©© ι§νιο ©ηκ 302 ? ι¨ο ολ­ γιξ Ά«ο« νθι΅ ικκ ικΆ¥§΅ ιδ£΅ νΆ¬δοι ιι¤ολ ιει«αολοολ εο ι¬©η ι§λξ ""ιλν©ν"" . νη§  ιδΆ κολο΅ ι ©λκ¤ ιι«λνΆ ι£ι£ ινιξ ιιλν©ν 250 . νΆγμ§Ά ινιοΆ ικΆ¥§΅  Ά«§ο§ 70% κλ μ¨μ ικολο΅ ?νθλ μ¨ ι§κ¤ ιι¤ολ εο ι ι§λ ιγ© ο΅ ",http://www.wafa.ps/ar_page.aspx?id=f3LznDa36627262452af3LznD,«οι δ ©
"1,953",14/10/1953,κ¨ ¥΅ η ο΅ ,"¥§£Ά κ¨ ¥΅ η ο΅ εο ιοι΅ ι© γ γ¬©-ι¦κ« γ¬© κλ Ά¬©ολ νι 1953 γλ§κ δ© ¤λν§ ι¥§΅ 101 ιιηνΆ ι¦­΅  ηο§΅ ©οοι ¬©νλ νθΆο ΅ ικβιοολ 890 γιξ η©ο΅ η ο΅ ινηγ΅ ¬κι κ§ολ΅ ιη§« εο ικλαη΅ ι¥§ν§ο΅ κλ ιΰε΅ ιδ© ο΅ (ιΆο θλΆ ¥ολμ Ά¥Ά ι§©΅ ι©§λο΅). Άγ§ κ¨ ¥΅ η ο΅ γικ΅ ¬μο©΅ εο λΆμθ §νι΅ ι¥Άιι ιιηλνλ νιγ©ε ι§νιο΅ εΰιρ γλ ¥ηνη ιλ«λ? νλκν¨¤ρ «ε©ρ ι«ο«Άμ ιμ§ε΅ ιξ κα©§΅ ι¬γ  ιει«αολο νηΆιγμ  Άε©οδ κλαη μ§λ΅ γκ 1948. ",https://www.palqa.com/%D8%A3%D8%B4%D9%87%D8%B1-%D8%A7%D9%84%D9%85%D8%B0%D8%A7%D8%A8%D8%AD/%D9%85%D8%B0%D8%A8%D8%AD%D8%A9-%D9%82%D8%A8%D9%8A%D8%A9-1953/,ο© ιλ¤©
"1,956",29/10/1956,κ¨ ¥΅ θε© η«κ ,"μο κ¤©΅ λε¨μ ¥©« ι¥§ν§ ι«©οιο εο 29 θΆν © 1956 ΰ§ κναλολ ει«αολοολ γυτ‘ι εο η©ο΅ θε© η«κ ©¥ ΰ¥οΆμ 49 κ§λορ γ© ορ: κλμκ £ι£΅ νγ¬©ολ αειρ §νλ ι£κλ΅ γ¬©? ¥νιΆ ¥θνκ΅ «©οι  ηο§΅  λ δν©ονλ ιΆ«Ά© γιξ ικ¤©΅ νκλγ  λ¬©μ. ",https://www.paljourneys.org/ar/timeline/highlight/14335/%D9%83%D9%81%D8%B1-%D9%82%D8%A7%D8%B3%D9%85%D8%8C-1956,ο© ιλ¤©
"1,956",12/11/1956,κ¤©΅ ¦λονλ«,"νμ¨μ ικ¤©΅ ηκΆ  μ ηνΆ ι¥Άιι ι­μονλο΅ £λ ¤Άο¥Άμ ιηαγ δ΅ ¦ιι ιγ§νλ ι£ι£ο «λ΅ 1956 νιΆο ©Άηξ ¦ιιμ κΆ ι¬μ§ νκΆ ι¤©¥ξ κλ ικ§λοολ ιγι κλ  λ ¦λονλ« νι¤ο¬ ικ­©ο λ γ§§ ¬μ§ κ¤©΅ ¦λ ονλ« εη 530 ¬μο§ρ, ν γΰμκ ι¦© θ§ λ γ§§ ι¬μ§ η©  ιιιε 1000 ¬μο§ κλ ι©¤ι νι¬   νιαει νιλ«? νκλ ¬§΅ ι¤©κ νιη«ν΅ λ μιο ι¬μ§ §ελν ¤£Ά ι¬μ§  γ§ κ©ν© © γ΅ οκ, ¥ο£ θλΆ ι¤££ εο ι¬ν©γ ",http://twasol.ps/%D9%86%D8%A8%D8%B0%D8%A9-%D8%AD%D9%88%D9%84-%D9%85%D8%AC%D8%B2%D8%B1%D8%A9-%D8%AE%D8%A7%D9%86%D9%8A%D9%88%D9%86%D8%B3-3111956/,ο© ιλ¤©
"1,958","1,958",¥©θ΅ ιΆ¥©ο© ιναλο ιει«αολο εΆ¥,"μο ¥©θ΅ ει«αολο΅ ναλο΅ £ν©ο΅? ΆγΆ©ε  ν¤ν§ §νι΅ «©οι ν ¥ηοΆμ εο ιν¤ν§ γιξ ι©ΰο ιΆο ¥ΆιΆμ η ι ιγκ 1967κ? νμο ¤ ©ο«ο κλ ιαοε ι«ο«ο ιει«αολο? ν£λο θ © ε­οι κκ£ι εο ικ¤ι« ιΆ¬©ογο ιει«αολο  γ§ ¥©θ΅ ¥κ« ¥«  ™¦© λΆ¦ Ά? νθ © ε­ι κλβκ΅ ιΆ¥©ο©",https://ar.m.wikipedia.org/wiki/%D8%AD%D8%B1%D9%83%D8%A9_%D9%81%D8%AA%D8%AD,ο© ιλ¤©
"1,964",13/1/1964,κ›Άκ© ιηκ΅ ιγ© ξ ινι ,"λγη§  κ λξ ικλ΅ ιγκ΅ ι¤κγ΅ ι§νι ιγ© ο΅  ιημ©΅?  λρ γιξ §γν΅ ι©ο« ¤κι γ §ιλ­©? εξ γη  «Άοι «©οι γιξ κομ λμ© ι©§λ. ",https://www.alwatanvoice.com/arabic/news/2019/01/13/1208236.html,ο© ιλ¤©
"1,964","1,964",κλβκ΅ ιΆ¥©ο© ιει«αολο΅ ( κ Ά ε),"κλβκ΅ «ο«ο΅ ¬ μ γ«θ©ο΅ ? Ά««Ά γκ 1964  γ§ λγη§ ικ›Άκ© ιγ© ο ιει«αολο ινι εο ιη§« λΆο¤΅ ιη©© κ›Άκ© ιηκ΅ ιγ© ο 1964 (ιημ©΅) ιΆκ£οι ιει«αολοολ εο ικ¥ει ι§νιο΅ μ§εμ μν Ά¥©ο© ει«αολ γ © ιθε¥ ικ«ι¥  ©«΅ ¥κ§ ι¬ηο©ο. ",https://ar.wikipedia.org/wiki/%D9%85%D9%86%D8%B8%D9%85%D8%A9_%D8%A7%D9%84%D8%AA%D8%AD%D8%B1%D9%8A%D8%B1_%D8%A7%D9%84%D9%81%D9%84%D8%B3%D8%B7%D9%8A%D9%86%D9%8A%D8%A9,κ¥κ§ ¬¥§΅
"1,967",5/6/1967,λθ«΅ ¥ο©λ,"¥©  1967: Άγ©ε  «κ λθ«΅ ¥ο©λ ν λθ«΅ 67 ν μο ι¥©  ιΆο λ¬ Ά  ολ «©οι νθι κλ ιγ©η νκ­© ν«ν©ο νι©§λ  ολ 5 ¥ο©λ/ονλον 1967 νιγ¬© κλ ι¬μ© λε«μ? ν§Ά ιξ ¥Άιι «©οι ι«ολ νηαγ δ΅ νιΰε΅ ιδ© ο΅ νι¤νιλ η§ §Ά ι¥©  ιξ κηΆι 15,000 - 25,000 ¬¦­ εο ι§νι ιγ© ο΅ κη ι 800 εο «©οι , ν ικ ΆλΆμ Ά γΆ ¥©  1967 ¥Άξ ιονκ? ¨ ι Άτι «©οι Ά¥Άι‘ ιΰε΅ ιδ© ο΅? θκ λμ ηκΆ  ΰκ ιη§« νι¤νιλ ι¥§ν§μ? νθλ κλ Ά γΆμ οΰρ λ¬ν  ¥©  θΆν © γκ 1973. ",https://ar.wikipedia.org/wiki/%D8%AD%D8%B1%D8%A8_1967,κ¥κ§ ¬¥§΅
"1,967",9/6/1967,κλγ ι¨λ νηκ΅ ι­ι΅,Άκλγ «ιαΆ ι¥Άιι ι¨λ νηκ΅ ι­ι΅ εο ικ«¤§ ιη­ξ ινι κ©΅ κλ κλ ­ι¥ ι§ολ ιον ο,https://www.aljazeera.net/news/arabic/2017/7/14/%D8%A7%D9%84%D8%A7%D8%AD%D8%AA%D9%84%D8%A7%D9%84-%D9%8A%D9%85%D9%86%D8%B9-%D8%A5%D9%82%D8%A7%D9%85%D8%A9-%D8%B5%D9%84%D8%A7%D8%A9-%D8%A7%D9%84%D8%AC%D9%85%D8%B9%D8%A9,κ¥κ§ ¬¥§΅
"1,967",10/6/1967,μ§κ ¥©΅ ικδ© ΅,"¥©΅ ικδ© ΅ εο ιη§« Άηγ δ©  ικ«¤§ ιη­ξ? μ§κΆμ «ιαΆ ι¥Άιι γκ 1967, ιΆο ¬κιΆ 135  οΆ «θλο ν κ«¤§ολ ?¥§μκ κ«¤§ ι ©η ι¬©οε νη§ Ά¥νιΆ ι¥©΅ ιξ «¥΅ ι­ι΅ ιομν§? η©  ¥α ι ©η? νμν £© «ικο οκ£ι ¤ρ κλ ι«ν© ιδ© ο ιικ«¤§ ιη­ξ? © α «ο§λ κ¥κ§  μ ι ©η γλ§ γ©ν¤μ ιξ ι«κ? ν«κΆμ «ιαΆ ι¥Άιι ""¥α ικ θξ""?  γ§ ι«Άοι γιομ. ",https://ar.wikipedia.org/wiki/%D8%AD%D8%A7%D8%B1%D8%A9_%D8%A7%D9%84%D9%85%D8%BA%D8%A7%D8%B1%D8%A8%D8%A9,κ¥κ§ ¬¥§΅
"1,967",14/6/1967,η©© κ¤ι« ικλ ι§νιο ©ηκ 237 ι­§© εο γκ 1967 ,νεομ ο§γν κ¤ι« ικλ «©οι ιξ ¥Ά©κ ¥ηνη ιλ«λ εο ικλαη ιΆο Ά£©Ά  ­©γ ι¬©η ιν«α 1967 ¥ο£ ο¦¨  γολ ιγΆ © ι¥¤΅ ικι¥΅ ιξ ©εγ ικο§ κλ ι™ικ γλ ι«θλ ικ§λοολ ν«©ξ ι¥©  εο κλαη΅ ιλγ εο ι¬©η ιν«α. ,https://ar.wikipedia.org/wiki/%D9%82%D8%B1%D8%A7%D8%B1_%D9%85%D8%AC%D9%84%D8%B3_%D8%A7%D9%84%D8%A3%D9%85%D9%86_%D8%A7%D9%84%D8%AA%D8%A7%D8%A8%D8%B9_%D9%84%D9%84%D8%A3%D9%85%D9%85_%D8%A7%D9%84%D9%85%D8%AA%D8%AD%D8%AF%D8%A9_%D8%B1%D9%82%D9%85_237#cite_note-1,κ¥κ§ ¬¥§΅
"1,967",24/7/1967,Ά«ο« ιμο΅ ι«ικο΅ ιγιο ,"εο ιη§«  κ §©΅ κλ ¬¦­οΆ ηο§ο΅ ει«αολο΅ νΆλΆ¦  ι¬ο¦ γ § ι¥κο§ ι«¥ ©ο« ιμ? νΆγιλ ιμο΅ ©εΰ ι¥Άιι ι­μονλο νκλγμ κλ ιΆ§¦ι εο ¬›νλ ιη­ξ νινηε ι«ικο΅ εο ιΰε΅ ιδ© ο΅. ",,¬μ§ ¦©ον¬
"1,967",22/11/1967,Ά λξ κ¤ι« ικλ ι§νιο ιΆ γ ιικκ ικΆ¥§΅ η©© 242, ¤κγ ι­νΆ η©© κ § «ικ γ§ι ν§κ εο ι¬©η ιν«α: νγκι ιη©© γιξ :«¥  ιηνΆ ικ«ι¥΅ κλ  ι©ΰο ιΆο ¥ΆιΆμ εο ιλγ ν λμ ι§γΆ ν ι¥©  ,https://info.wafa.ps/ar_page.aspx?id=4963,«οι δ ©
"1,967",11/12/1967,Ά«ο« ι¤ μ΅ ι¬γ ο΅ ιΆ¥©ο© ει«αολ ,ε γ§ ¥©  ¥ο©λ γκι ιε©γ ιει«αολο εο ¥©θ΅ ιηνκοολ ιγ©  γιξ ο¤§ α© ¤ μνο ει«αολο οΰκ θι ιε­ι ιει«αολο΅ ,http://www.wafa.ps/ar_page.aspx?id=psDDWZa36385517190apsDDWZ,«οι δ ©
"1,967",24/12/1967,νι ©ο« ικλβκ΅ ιΆ¥©ο© ιει«αολο΅,"¥κ§ «γ§ ι¬ηο©ο? νι ©ο« ικλβκ΅ ιΆ¥©ο© ιει«αολο΅?¬©γ ι¬ηο©ο ο›«« ι¤ο¬ ιει«αολο ιλβκο? (¤ο¬ ιΆ¥©ο© ιει«αολο)? εο ηαγ δ΅ ν γΰ ι ι§λ ιγ© ο΅? ν γ§ λ εο 24 θλνλ ινι /1967«Άηι κλ ι©«μ Άνιξ ο¥οξ ¥κν§μ ",https://info.wafa.ps/ar_page.aspx?id=5084,«οι δ ©
"1,968",21/3/1968,κγ©θ΅ ιθ©κ΅,"¥¬§Ά «©οι ηνΆ θ ο©΅ κλ ι•κ¬΅ νι•κβιοολ νι§  Ά νια©Ά θλΆ ιν¤μ΅ η©ο΅ ιθ©κ΅ εο ι©§λ κη© ηο§΅ ¥©θ΅ ""εΆ¥""? μ§ε ιηΰ γιξ ιε§οολ?¥ο£  ¬©θ ιαο©λ ι«©οιο  θ£ε΅ εο Άιθ ιγκιο΅? νιηξ 180 αλρ κλ ιηλ ι νλ¥ν κ΅ ­©ν¦. νηγΆ ιγκιο΅ 128 ¬μο§ρ νγ¬©Ά ι¤©¥ξ εο ι¤λ  ιει«αολο? νλΰκΆ ν¥§Ά κλ ι¤ο¬ ι©§λο ιιηΆι ιξ ¤λ  ιε§οολ? ν«ηα 61 ¬μο§ρ νλ¥ν κ΅ ¤©ο¥ κλ ε©§ ι¤ο¬ ι©§λο ?νιθλ  ©δκ ε§¥΅ ι¦«© ιει«αολο΅ νι©§λο΅? ι λ ι•κγ©θ΅ «¤ιΆ Ά¥νιρ κμκ  εη§ θ § ιει«αολονλ ι«©οιοολ ε¬ιρ ©κορ ¨©ογρ",https://info.wafa.ps/ar_page.aspx?id=3747,«οι δ ©
"1,969",3/2/1969,λΆ¦  ο«© γ©εΆ,λΆ¦  ικ¤ι« ιναλο  ιει«αολο ικλγη§ εο ιημ©΅ εο §ν©Άμ ι¦κ«΅ κ  ολ 1-4 ¬ α ο«© γ©εΆ ©ο« ιι¤λ΅ ιΆλεο¨ο΅.,http://info.wafa.ps/ar_page.aspx?id=14KRZVa23808101295a14KRZV,«οι δ ©
"1,969",22/2/1969,Ά«ο« ι¤ μ΅ ι§οκη©αο΅ ιΆ¥©ο© ει«αολ,"ι¤ μ΅ ι§οκη©αο΅ ιΆ¥©ο© ει«αολ νμο ε­οι κ©θ«ο ει«αολο λΆ¤ γλ ι¦ιε ι¨ο νηγ εο εο ι¤ μ΅ ι¬γ ο΅ ιΆ¥©ο© ει«αολ «λ΅ 1969 ¥νι Ά λο ιγηο§΅ ικ©θ«ο΅? νοΆγκμ λοε ¥νΆκ΅ κλ¨ Ά«ο«μ. ιγ Ά §ν© κμκ εο ι¤§ι ι«ο«ο ιει«αολο εο ι« γολοΆ νι£κλολοΆ νλε¨Ά γκιοΆ γ«θ©ο΅ λνγο΅.",https://ar.m.wikipedia.org/wiki/%D8%A7%D9%84%D8%AC%D8%A8%D9%87%D8%A9_%D8%A7%D9%84%D8%AF%D9%8A%D9%85%D9%82%D8%B1%D8%A7%D8%B7%D9%8A%D8%A9_%D9%84%D8%AA%D8%AD%D8%B1%D9%8A%D8%B1_%D9%81%D9%84%D8%B3%D8%B7%D9%8A%D9%86,«οι δ ©
"1,970",16/9/1970,οινι ι«ν§ ,"μν ι­©γ ι¨ο λ¬  εο ι©§λ  ολιηνΆ ικ«ι¥μ ι§λομ ηο§΅ικιθ ¥«ολ νκλβκμ ιΆ¥©ο© ιει«αολο΅  ηο§΅ο«© γ©εΆ ?θλΆ ι¦«© 1-κλβκ΅ ιΆ¥©ο©: 3,400 ηΆοι ,«ν©ο: 600 ­ ΅ «ν©ο΅ (ηΆοι ν¤©ο¥) 120 §  ΅ 2-ι©§λ: 537 ηΆοι",https://ar.m.wikipedia.org/wiki/%D8%A3%D9%8A%D9%84%D9%88%D9%84_%D8%A7%D9%84%D8%A3%D8%B3%D9%88%D8%AF,«οι δ ©
"1,971","1,971",¦©ν¤ ικλβκ΅ κλ ι©§λ ιξ ι λλ," δο  γ § ιλ­© §Ά ­γν Ά κμκ΅ ο«© γ©εΆ εο ΰ α Άαν©Ά ιγιη΅ κγ ι©§λ? νΆν­ι Άεηκ ικν© ιξ λ θκι ι¤ο¬ ι©§λο Ά§κο© ιηνγ§ ι¦ο©΅ ιιε§οολ εο ¤©¬ νγ¤ινλ εο Άκν 1971? κκ §‘ξ ιξ ¦©ν¤ ηνΆ ι£ν©΅ ιει«αολο΅ κλ ι©§λ. νεοκ  γ§ ικ οθλ κκ ιε§οολ ι ιγκι κλ ι λλ. ε § γ©εΆ ολβκ ιγκι ιγ«θ©ο εομ νο¥νι Άγνοΰ κ ¦«©μ εο ι©§λ κλ «ι¥΅ νκγ§Ά.",https://info.wafa.ps/ar_page.aspx?id=3747,«οι δ ©
"1,974",13/11/1974,¦α  ο«© γ©εΆ κκ ι¤κγο΅ ιγκ΅ ιικκ ικΆ¥§΅,"«ο§ο ι©ο«: ¬θ© ιθκ §γνΆθκ κλβκ΅ ιΆ¥©ο© ιει«αολο΅? ιΆ¬©θ εο μ¨μ ι§ν©΅ κλ §ν©Ά ι¤κγο΅ ιγκ΅ ιμο΅ ικκ ικΆ¥§΅? ν¬θ© θι ιγΰ ικ¥Ά©κολ εο μο΅ ικκ ικΆ¥§΅? ι¨ολ «μκν εο Άη©ο© §©¤ ηΰο΅ ει«αολ γιξ ¤§νι γκι μ¨μ ι¤κγο΅? νεο ­§© η©©  §γνΆλ ιγ©ΰ ηΰο΅ ει«αολ.  ικ­§© :  ¦α  ο«© γ©εΆ κκ ι¤κγο΅ ιγκ΅ ιικκ ικΆ¥§΅ εο 13/11/1974 | κ©θ ικγινκΆ ιναλο ιει«αολο",https://info.wafa.ps/ar_page.aspx?id=4932#swipe-menu,μ μ ι¥ιν¥
"1,975",10/2/1975,ιι¤λ΅ ικγλο΅  κκ©«΅ ι¬γ  ιει«αολο ι¥ηνημ δο© ιη ι΅ ιιΆ­©ε,Ά««Ά ιι¤λ΅ εο 10 Ά¬©ολ ι£λο (λνεκ ©) 1975  κν¤  ιη©© ©ηκ 3376 ι­§© γλ ι¤κγο΅ ιγκ΅ ιικκ ικΆ¥§΅ κλ ¤ι ­οδ΅  ©λκ¤ ιΆκθολ ι¬γ  ιει«αολο κλ κκ©«΅ ¥ημ εο Άη©ο© ικ­ο© νι«Άηιι ιναλο νι«ο§΅ ν¥η ιι¤ολ ιει«αολοολ εο ιγν§΅.,https://ar.wikipedia.org/wiki/%D9%84%D8%AC%D9%86%D8%A9_%D9%85%D9%85%D8%A7%D8%B1%D8%B3%D8%A9_%D8%A7%D9%84%D8%B4%D8%B9%D8%A8_%D8%A7%D9%84%D9%81%D9%84%D8%B3%D8%B7%D9%8A%D9%86%D9%8A_%D9%84%D8%AD%D9%82%D9%88%D9%82%D9%87_%D8%BA%D9%8A%D8%B1_%D8%A7%D9%84%D9%82%D8%A7%D8%A8%D9%84%D8%A9_%D9%84%D9%84%D8%AA%D8%B5%D8%B1%D9%81,κ¥κ§ ¬¥§΅
"1,976",12/4/1976,λΆ¦ Ά ιΰε΅ ιδ© ο΅ ικ¥ιο΅ 1976,"¤©οΆ εο ιΰε΅ ιδ© ο΅  Ά©ο¦ 12  ©οι 1976?  κ© κλ ι«ιαΆ ιγ«θ©ο΅ ι«©οιο΅ ν ιδΆ λ« ΅ ιΆ­νοΆ 72.3%? νθλΆ ιλΆο¤΅ λΆ­© κ›ο§ο κλβκ΅ ιΆ¥©ο© ιει«αολο΅. ¤©οΆ ιλΆ¦ Ά εο 24 κ¤ι«  ι§ο ν κλ¥ ¥η ιΆ­νοΆ ιθι ει«αολο Ά¤ν «λ 21 γκρ?",https://ar.wikipedia.org/wiki/%D8%A7%D9%86%D8%AA%D8%AE%D8%A7%D8%A8%D8%A7%D8%AA_%D8%A7%D9%84%D8%B6%D9%81%D8%A9_%D8%A7%D9%84%D8%BA%D8%B1%D8%A8%D9%8A%D8%A9_%D8%A7%D9%84%D9%85%D8%AD%D9%84%D9%8A%D8%A9_1976,κ¥κ§ ¬¥§΅
"1,977","1,977",Άνιξ θκι ε›§ ηο§΅ ι¥©θ΅ ιναλο΅,"θκι ε›§ ¤λ ια μν γοκ ι§©ν ιι λλοολ νκ›«« ι¥  ιΆη§κο ι¬Ά©θο? Άνιξ ηο§΅ ι¥©θ΅ ιναλο΅ ¦ιι ι¥©  ιμιο΅ ιι λλο΅ ν ¥§ ι¬¦­οΆ ιι λλο΅ ικγ©νε΅  §γκμ ιιηΰο΅ ιει«αολο΅ δΆοι εο ι«§« γ¬© κλ κ©« γκ1977 νογΆ © ι γΰ δΆοιμ θλ §εγρ γλ ι«ι¥ ιει«αολο? ¦ιεμ εο γκΆμ  λμ νιο§ ¤λ ια",https://ar.wikipedia.org/wiki/%D9%83%D9%85%D8%A7%D9%84_%D8%AC%D9%86%D8%A8%D9%84%D8%A7%D8%B7,κ¥κ§ ¬¥§΅
"1,978",11/3/1978,γκιο΅ θκι γ§νλ,"ν γκιο΅ ι«¥ι μο γκιο΅ ¦Άαε ηκ  μ ε§ονλ κλ ¥©θ΅ εΆ¥  «κ ε©η΅ §ο© ο«ολ εο 11 κ©« 1978 «Άμ§εΆ κ§λοολ «©οιοολ εο «¥ι κ§ολ΅ ¥οε ¥ο£ ηκ ε§ον εΆ¥  γΆ©ΰ ¥ει΅ κιο΅  ι©θ  κΆ¤μ΅ ιξ Άι  ο ? εΆ¥©θ ι¤ο¬ ι«©οιο ννηε ι¥ει΅ ικ¦Άαε΅ ν¤©Ά ¬Ά θΆ §Ά ιξ κηΆι 37 κ§λο «©οιο νΆ«γ΅ ει«αολοολ ν­ ΅ ™¦©ολ νΆ¨θ© ικ­§© ιει«αολο΅ λ η§ ιγκιο΅ μο ι¬ ΅ §ιι ικδ© ο. £© μ¨μ ι¥§£ κ ¬©΅ ¬λ ι¤ο¬ ι«©οιο ι¥©  γιξ ¤λν  ι λλ.",https://ar.wikipedia.org/wiki/%D8%B9%D9%85%D9%84%D9%8A%D8%A9_%D9%83%D9%85%D8%A7%D9%84_%D8%B9%D8%AF%D9%88%D8%A7%D9%86,κ¥κ§ ¬¥§΅
"1,979",22/3/1979,η©© κ¤ι« κλ ικκ ικΆ¥§΅ ©ηκ 446,"ι¨ο γΆκ§ εο 22 κ©« 1979? νη§ λ§§ ικ¤ι« εο μ¨ ιη©©  κκ©«΅ «©οι  λ ικ«ΆναλΆ εο ι©ΰο ιγ© ο΅ ικ¥Άι΅ κλ¨ γκ 1967  κ εομ ιη§«",https://ar.m.wikipedia.org/wiki/%D9%82%D8%B1%D8%A7%D8%B1_%D9%85%D8%AC%D9%84%D8%B3_%D8%A7%D9%84%D8%A3%D9%85%D9%86_%D8%A7%D9%84%D8%AA%D8%A7%D8%A8%D8%B9_%D9%84%D9%84%D8%A3%D9%85%D9%85_%D8%A7%D9%84%D9%85%D8%AA%D8%AD%D8%AF%D8%A9_%D8%B1%D9%82%D9%85_446,¬μ§ ¦©ον¬
"1,979",26/3/1979,κγμ§΅ ι«ικ ικ­©ο΅ ι«©οιο΅,"νηγΆ εο ινιοΆ ικΆ¥§΅ εο 26 κ©« 1979ννητ‘γ γιομ ι©ο« ικ­©ο λν© ι«§Ά ν©ο« ιν© ι«©οιο κλ¥κ  οδλ? ¥§£Ά ικγμ§΅ δΰ  ν«γ εο ν«α ιγικ ιγ© ο ιλμ ¦©¤Ά κ­© κλ κγ§ι΅ ι­©γ ιγ© ο ι«©οιο",https://ar.m.wikipedia.org/wiki/%D9%85%D8%B9%D8%A7%D9%87%D8%AF%D8%A9_%D8%A7%D9%84%D8%B3%D9%84%D8%A7%D9%85_%D8%A7%D9%84%D9%85%D8%B5%D8%B1%D9%8A%D8%A9_%D8%A7%D9%84%D8%A5%D8%B3%D8%B1%D8%A7%D8%A6%D9%8A%D9%84%D9%8A%D8%A9,¬μ§ ¦©ον¬
"1,980",20/8/1980,η©© κ¤ι« ικλ ιΆ γ ιικκ ικΆ¥§΅ ©ηκ 478,"ι¨ο γΆκ§ εο 20 δ«α« 1980? μν ν¥§ κλ « γ΅ η©©Ά ­§©΅ γλ ικκ ικΆ¥§΅ §λΆ εομ κ¥νι΅ «©οι ΰκ ιη§« ι¬©ηο΅",https://ar.m.wikipedia.org/wiki/%D9%82%D8%B1%D8%A7%D8%B1_%D9%85%D8%AC%D9%84%D8%B3_%D8%A7%D9%84%D8%A3%D9%85%D9%86_%D8%A7%D9%84%D8%AA%D8%A7%D8%A8%D8%B9_%D9%84%D9%84%D8%A3%D9%85%D9%85_%D8%A7%D9%84%D9%85%D8%AA%D8%AD%D8%AF%D8%A9_%D8%B1%D9%82%D9%85_478,¬μ§ ¦©ον¬
"1,981",6/10/1981,δΆοι ι©ο« ικ­©ο ι« η κ¥κ§ λν© ι«§Ά,ν ¥§£ ικλ­΅ ν γκιο΅ ι¤μ§ ιθ ©ξ θλΆ ¦ιι γ©ΰ γ«θ©ο ηοκ  κ§ολ΅ λ­©  ιημ©΅ εο 6 θΆν ©,https://ar.m.wikipedia.org/wiki/%D8%A7%D8%BA%D8%AA%D9%8A%D8%A7%D9%84_%D8%A7%D9%84%D8%B3%D8%A7%D8%AF%D8%A7%D8%AA,¬μ§ ¦©ον¬
"1,982",5/6/1982,¥©  ι λλ,νΆ«κξ οΰ  δν ι λλ ν κ αιηΆ γιομ «©οι «κ γκιο΅ ι«ικ ιι¤ιοι νγκιο΅ ι­λν © νμο ¥©  γ­εΆ  ι λλ εΆ¥νιΆ ©ΰομ ιξ «¥΅ ηΆι  ολ κλβκ΅ ιΆ¥©ο© ιει«αολο΅ ν«ν©ο ν«©οι,https://ar.m.wikipedia.org/wiki/%D8%AD%D8%B1%D8%A8_%D9%84%D8%A8%D9%86%D8%A7%D9%86_1982,¬μ§ ¦©ον¬
"1,982",30/8/1982,λ«¥ Ά κλβκ΅ ιΆ¥©ο© κλ  ο©νΆ,"γ§ λ Άγ©‘ΰ ¨ιθ ιη«κ κλμ ιξ η­ε γλοε? νθλ ¨ιθ  κγνλ΅ ικ γν£ ι¦­? εοιο  ¥ ο ? νΆ¥Ά ¥κο΅ ηνΆ ¥εβ ι«ικ ι§νιο΅. λΆμΆ μ¨μ ι¥©   ¬θιμ ικγΆ©ε  μ εο γκ 1985",https://ar.m.wikipedia.org/wiki/%D8%AD%D8%B1%D8%A8_%D9%84%D8%A8%D9%86%D8%A7%D9%86_1982,¬μ§ ¦©ον¬
"1,982",15/9/1982,κ¤©΅ ­ © ν¬Άοι ,"εο κ¦οκολ ιι¤ολ ιει«αολοολ εο ι λλ γιξ ο§ ¥  ιθΆ  ιι λλο  ιΆγνλ κγ ι¤ο¬ ι«©οιο. ­§© η©© ικ¨ ¥΅  ©«΅ ©εοι οΆλ ©ο« ©θλ ι¥©  ι«©οιξ ν™©οοι ¬©νλ νο© ι§εγ ™λ¨θ, γ§§ ιηΆιξ ικ ογ©ε  νΰν¥ νΆΆ©ν¥  ολ 750ν3000 ηΆοι.",https://ar.m.wikipedia.org/wiki/%D9%85%D8%AC%D8%B2%D8%B1%D8%A9_%D8%B5%D8%A8%D8%B1%D8%A7_%D9%88%D8%B4%D8%A7%D8%AA%D9%8A%D9%84%D8%A7,κ¥κ§ γιηκ
"1,982",27/9/1982,αιη λ©  ν«α΅  γΰ  ικ«ι¥ολ γιξ κνθ  «γ§ ­οι ,"νι οκ γο§ ιΰ¥ξ? Άκ αιη λ©  ν«α΅  γΰ  ικ«ι¥ολ γιξ κνθ  «γ§ ­οι νι¨ο θλ οΰκ £ι£ κ©θ Ά? ν­ο  «γ§ ­οι ι¨ο θλ εο ι«ο©΅ ι£λο΅  ιε¦¨ ιοκλ νΆγ©ΰ ιηαγ εο ι¬©ολ ιε¦¨ο.Άνεο  ν ινιο§ εο Άκκ ι«γ΅ ι¥§ο΅ γ¬©΅ κ« εο κ«Ά¬εξ ικν«΅  §κ¬η?  γ§ λ Άνηε ηι μ £© ιλοε ι¬§ο§ ι¨ο Άγ©ΰ ιμ? ν§ελ εο κη ©΅ ι¬μ§  κ¦οκ ιο©κνθ εο §κ¬η.",https://ar.m.wikipedia.org/wiki/%D8%B3%D8%B9%D8%AF_%D8%B5%D8%A7%D9%8A%D9%84,κ¥κ§ γιηκ
"1,985",1/5/1985,¥©  ικ¦οκΆ ,"μο ικγ©θ ιΆο §©Ά εο ιεΆ©΅ ι© γ΅ κλ ι¥©  ιμιο΅ ιι λλο΅  ολ ¥©θ΅ κι νι¤ο¬ ι«ν©ο νι¤ο¬ ιι λλο  ιΰε΅ ιξ  γΰ ιε­ι ιει«αολο΅ ικ§γνκ΅ κλ «ν©ο κλ ¤μ΅ ΰ§ ηνΆ εΆ¥ ικνιο΅ ιο«© γ©εΆ νκηΆιο ¥©θ΅ ικ© ανλ κλ ¤μ΅ ¦©ξ? ¥νι κ¦οκΆ ιι¤ολ ιει«αολοολ εο  ο©νΆ. §©Ά ικγ©θ  ολ κον 1985 νονιον 1988.",https://ar.m.wikipedia.org/wiki/%D8%AD%D8%B1%D8%A8_%D8%A7%D9%84%D9%85%D8%AE%D9%8A%D9%85%D8%A7%D8%AA,κ¥κ§ γιηκ
"1,985",1/10/1985,γκιο΅ ι«η ι¦¬ ο΅ ,"μν ι«κ ι¥©θο ι¨ο γαο ιιδ©΅ ι¤νο΅ ι«ι¥ ι¤ν ι«©οιο ιΆο νηγΆ ονκ 1 θΆν © 1985 ΰ§ κη© ιηο§΅ ιγκ΅ ικλβκ΅ ιΆ¥©ο© ιει«αολο΅ εο ¥κκ ι¬α (Άνλ«)? «Άμ§ε ¦ιιμ «ι¥ ι¤ν ι«©οιο ¥§ μκ ¤ΆκγΆ κλβκ΅ ιΆ¥©ο© ιει«αολο? εο κλαη΅ ¥κκ ι¬α (Άνλ«)? κνηγ γ¬©Ά ιηΆιξ κλ ιΆνλ«οολ νκλ ιηο§Ά ιει«αολο΅ ι«ο«ο΅ νιγ«θ©ο΅.",https://ar.m.wikipedia.org/wiki/%D8%B9%D9%85%D9%84%D9%8A%D8%A9_%D8%A7%D9%84%D8%B3%D8%A7%D9%82_%D8%A7%D9%84%D8%AE%D8%B4%D8%A8%D9%8A%D8%A9,κ¥κ§ γιηκ
"1,986",1986,λ¬Ά ¥©θ΅ ι¤μ§ ι«ικο,"£κ©΅ ¥ν© εθ©ο νΆ§εγ «ο«ο ¬μ§Άμ ι¥©θ΅ ι«ικο΅ ιει«αολο΅ ν¦© ι« γολΆ? νη§Άμ κ¤κνγ΅ κλ ι¬   ιει«αολο εο £λ ν¤ν§μκ ιι§©«΅ ι¤κγο΅ εο κ­© νθλ γιξ ©«μκ κ›«« ¥©θ΅ ι¤μ§ ι«ικο ι¬μο§ ι§θΆν© εΆ¥ο ι¬ηηο νι¬ο¦ γ § ιγο γν§΅.εο νι ι£κλολΆ ν γ§ γν§΅ ι§θΆν© εΆ¥ο ι¬ηηο νγ§§ κλ ¦νλμ ιξ ει«αολ Άκ  λ ιηγ§΅ ιΆλβοκο΅ ι¥©θ΅ ι¤μ§ ι«ικο ε•ο ει«αολ ν § ιΆλβοκ ι¦νΰ δκ© ιΆγ ΅ ι¬γ ο΅ νι«ο«ο΅ εο ι¬©γ ιει«αολο  ¤λ  ι¤μ§ ικ«ι¥ ΰ§ ιγ§ν ι­μονλξ? ¥ιρ ν¥ο§ ιΆ¥©ο© ει«αο•λ.",https://ar.m.wikipedia.org/wiki/%D8%AD%D8%B1%D9%83%D8%A9_%D8%A7%D9%84%D8%AC%D9%87%D8%A7%D8%AF_%D8%A7%D9%84%D8%A5%D8%B3%D9%84%D8%A7%D9%85%D9%8A_%D9%81%D9%8A_%D9%81%D9%84%D8%B3%D8%B7%D9%8A%D9%86,κ¥κ§ γιηκ
"1,987",8/12/1987,ιλΆεΰ΅ ιει«αολο΅ ινιξ,"ν λΆεΰ΅ ι¥¤©΅? «κ‘οΆ  μ¨ ι«κ ιλ ι¥¤©΅ θλΆ §΅ ιμ¤νκ νι§εγ ιΆο «Ά¦§κμ ικηνκνλ ΰ§ γλ­© ι¤ο¬ ι«©οιο?νιλΆεΰ΅ ¬θι κλ ¬θι ι¥Ά¤¤ ιγενο ι¬γ ο ιει«αολο γιξ ινΰγ ιγκ ικ©ο  ικ¦οκΆ νγιξ λΆ¬© ι αι΅ νμλ΅ ι¬γν© ιηνκο νιηκγ ιονκο ι¨ο Άκ©«μ «ιαΆ ι¥Άιι ι«©οιο ΰ§ ιει«αολοολ «Άκ© Άλβοκ ιλΆεΰ΅ κλ η ι ιηο§΅ ιναλο΅ ικν¥§΅ ιει«αολο΅ νκλβκ΅ ιΆ¥©ο© ιει«αολο΅ εοκ  γ§.  §Ά ιλΆεΰ΅ ονκ 8 §ο«κ ©/θλνλ ινι 1987? νθλ ¨ιθ εο ¤ ιο? εο ηαγ δ΅. £κ‘ λΆηιΆ ιξ θι κ§λ νη©ξ νκ¦ο‘κΆ ει«αολ. ογν§ «   ι¬©©΅ ινιξ ιιλΆεΰ΅ ιηοκ «η ¬¥λ΅ «©οιο  §μ« κ¤κνγ΅ κλ ιγκ‘ι ιει«αολο‘ολ, μ§Ά ιλΆεΰ΅ εο ιγκ 1991? νΆνηεΆ λμορ κγ Άνηογ Άεηο΅ ν«ιν  ολ «©οι νκλβκ΅ ιΆ¥©ο© ιει«αολο΅ γκ 1993.",https://ar.m.wikipedia.org/wiki/%D8%A7%D9%84%D8%A7%D9%86%D8%AA%D9%81%D8%A7%D8%B6%D8%A9_%D8%A7%D9%84%D9%81%D9%84%D8%B3%D8%B7%D9%8A%D9%86%D9%8A%D8%A9_%D8%A7%D9%84%D8%A3%D9%88%D9%84%D9%89,κ¥κ§ γιηκ
"1,988",16/4/1988,"«Ά¬μ§ ιη§ ¦ιοι ινο© "" ν ¤μ§"" ","λ  ιη§ ιγκ ιηνΆ ι£ν©΅ εο 16 λο«λ 1988? ? ¥ο£  δΆιμ ""ικν«§"" ι«©οιο εο  οΆμ  Άνλ«? ν¥«  κ ΆληιΆμ ιΆη©ο© ν¬μν§ γολ? ελ ε©η ""θνκλ§ν"" «©οιο΅ ν­ιΆ ε¤© ι«§« γ¬© κλ λο«λ 1988? ιξ ¬α Άνλ«? νΆκ λι 20 γλ­© κ§© ολ κλ ηνΆ ν¥§΅ ""«οο©οΆ κΆθι"" κλ © γ «ελ νδν­Άολ νν©η κααο΅ να©Άολ γκν§οΆολ ιικ«λ§΅? ιΆλεο¨ κμκ΅ δΆοι ' ν ¤μ§' γιξ ¬α ι©ν§ η©  κολ η©α¤΅.",https://mubasher.aljazeera.net/news/reports/2022/4/16/%D8%A3%D9%85%D9%8A%D8%B1-%D8%A7%D9%84%D8%B4%D9%87%D8%AF%D8%A7%D8%A1-%D9%88%D9%85%D9%87%D9%86%D8%AF%D8%B3-%D8%A7%D9%84%D8%A7%D9%86%D8%AA%D9%81%D8%A7%D8%B6%D8%A9-%D8%A7%D9%84%D8%A3%D9%88%D9%84%D9%89,κ¥κ§ γιηκ
"1,988",15/11/1988,ονκ ι«Άηιι ιει«αολο,"γιλ ι©ο« ιει«αολο ι©¥ι ο«© γ©εΆ ονκ 15 λνεκ ©/Ά¬©ολ ι£λο 1988 ¦α  γ©ε  ν£οη΅ γιλ ηοκ §νι΅ ει«αολ νγ­κΆμ ιη§«? ν¨ιθ ¦ιι λγη§ ικ¤ι« ιναλο ιει«αολο εο η­© ι­λν ©  ιγ­κ΅ ι¤©ο΅. νκγ ιβικ ιΆ©ο¦ο ι¨ο ι¥η  ι¬γ  ιγ© ο ιει«αολο  Ά¬©ο§μ ν ¥©κλμ κλ ¥η Άη©ο© ικ­ο©? £© η©© ι¤κγο΅ ιγκ΅ ©ηκ 181 γκ 1947? ι¨ο η«κ ει«αολ ιξ §νιΆολ γ© ο΅ νομν§ο΅? ελ μ¨ ιη©© κ ι ονε© ¬©να ιι¬©γο΅ ι§νιο΅ Άΰκλ ¥η ι¬γ  ιγ© ο ιει«αολο εο ι«ο§΅ νι«Άηιι ιναλο. ",https://www.aljazeera.net/encyclopedia/events/2016/11/15/%D9%86%D8%B5-%D8%A5%D8%B9%D9%84%D8%A7%D9%86-%D8%B9%D8%B1%D9%81%D8%A7%D8%AA-%D9%82%D9%8A%D8%A7%D9%85-%D8%AF%D9%88%D9%84%D8%A9-%D9%81%D9%84%D8%B3%D8%B7%D9%8A%D9%86,μ μ ι¥ιν¥
"1,988",15/12/1988,γιλ §νι΅ ει«αολ εο ικκ ικΆ¥§΅,"θλ η©© ι¤κγο΅ ιγκ΅ ιικκ ικΆ¥§΅ 43/177 ικ›©¦ 15 §ο«κ © 1988 η©© γΆ©εΆ εομ ι¤κγο΅ ιγκ΅ ιικκ ικΆ¥§΅  γιλ §νι΅ ει«αολ ν«Ά¦§κ Ά«κο΅ ®ει«αολ―? κ¬ο©΅ ιξ κλβκ΅ ιΆ¥©ο© ιει«αολο΅ εο ικκ ικΆ¥§΅. νγιν΅ γιξ ¨ιθ? θ§Ά ι¤κγο΅ ΰ©ν©΅ «ο§΅ ι¬γ  ιει«αολο γιξ ©ΰομ ιΆο ¥ΆιΆμ «©οι εο γκ 1967. λ ιη©© κγλνλ ®43/177. ηΰο΅ ει«αολ―.  ο¬© εο μ¨ ιη©© ιξ ιη©© 181? νμν ι«« ιηλνλο ιθι κλ §νι΅ γ© ο΅ ν§νι΅ ομν§ο΅. νγ©  γλ ν¤ν§ ­ι΅  ολ γιλ §νι΅ ει«αολ νιη©© 181 ν¥ηνη ιει«αολοολ.","https://ar.wikipedia.org/wiki/%D9%82%D8%B1%D8%A7%D8%B1_%D8%A7%D9%84%D8%AC%D9%85%D8%B9%D9%8A%D8%A9_%D8%A7%D9%84%D8%B9%D8%A7%D9%85%D8%A9_%D9%84%D9%84%D8%A3%D9%85%D9%85_%D8%A7%D9%84%D9%85%D8%AA%D8%AD%D8%AF%D8%A9_43/177#:~:text=%D9%83%D8%A7%D9%86%20%D9%82%D8%B1%D8%A7%D8%B1%20%D8%A7%D9%84%D8%AC%D9%85%D8%B9%D9%8A%D8%A9%20%D8%A7%D9%84%D8%B9%D8%A7%D9%85%D8%A9%20%D9%84%D9%84%D8%A3%D9%85%D9%85,%D8%A7%D8%AD%D8%AA%D9%84%D8%AA%D9%87%D8%A7%20%D8%A5%D8%B3%D8%B1%D8%A7%D8%A6%D9%8A%D9%84%20%D9%81%D9%8A%20%D8%B9%D8",μ μ ι¥ιν¥
"1,989",6/7/1989,Άε¤ο© ¥ει΅ ο¤§ 405,Άε¤ο© ¥ει΅ ο¤§ 405 νουγ©ε θ¨ιθ  «κ Άε¤ο© ι¥ει΅ 405 (¦α Άι  ο ?ιη§«) μν μ¤νκ ¥­ιτ εο 6 Άκν/ονιον 1989. λε‘¨τ ιμ¤νκ ι¬  γ § ιμ§ο δλκ νμν ¥§ γΰ ¥©θ΅ ι¤μ§ ι«ικο ιει«αολο΅. ¥­ι ιμ¤νκ γιξ ι¥ει΅ ©ηκ 405 ιΆ γ΅ ι¬©θ΅ ο¤§ ν¨ιθ εο ια©οη ι«©ογ ινι κλ Άι  ο  ιξ ιη§«. θλ ιμ¤νκ ε©ο§ρ κλ λνγμ νικ ο«Ά§γφ ιγκι ιθ£ο© ¥ο£ ηκ δλκ  ιηε Ά¤μ γ¤ι΅ ηο§΅ ι¥ει΅ £κ ν¤‘μμ η ι΅ κλ¥§© ¥§ εο κλαη΅ ε¤ο¤. ηυΆι ¦ιι μ¨ ιμ¤νκ 16 ©θ ρ  κ εο ¨ιθ £λολ θλ§ολ νκ©οθο ν¥§ εοκ υ­ο  27 ™¦©ολ  ¤©ν¥ κΆενΆ΅ ι¦αν©΅. ιηο ι¥§£ Άδαο΅ γικο΅ ν«γ΅  γΆ ©μ μ¤νκρ ε©ο§ρ κλ λνγμ μ¨ εΰι γλ λ¤΅ ικυμ¤φκ.,https://ar.wikipedia.org/wiki/%D8%AA%D9%81%D8%AC%D9%8A%D8%B1_%D8%AD%D8%A7%D9%81%D9%84%D8%A9_%D8%A5%D9%8A%D8%AC%D8%AF_405,μ μ ι¥ιν¥
"1,990",20/7/1990,κ¤©΅ γονλ η©΅,Ά  μ¬κ «η ιιμ ?ιιλ λ¨θ© ονκ ιγ¬©ολ κλ ο© κον κλ γκ 1990 ¥ολ ©Άθ  ¥§ ι¤λν§ ι­μολμ ι©μ ο γκο  ν © νι¨ο ιοι ογο¬ ¥ο΅ ιΆ©ε εο ¥§ «¤νλ ιθολ ι­μονλο θλμ ογο¬ εο  οΆμ νη§ Άν¤ νλ¤  νμν  §¦ι ι«¤λ νολΆβ© λ οΆκ ιε©¤ γλμ νοθεξ γιξ κ εγιμ  ηΆι ιγκι ιει«αολοολ .  νμι ιοι ιΆ¥§ ιγκι ιγκι ει«αολ οΆ¨θ© ¬μ§ ιηκ΅ ιγο¬ ικδκ«μ  ι§κ νιγ©η νμι «ο­§©ν  ολΆ  μ¨μ ικλ« μ θκ θλν οεγιν θι γκ νμι ιΆι ΆλβοκΆλ ιει«αολομ οΆ¨θ©ν ¬μ§ γονλ η©μ ©ο¬νλ ιοΆ«ονλο κ λ«ον κγ Ά©θκ ικ¤© νικ¨ ¥ ιιλ λΆ¨θ© μ›ι ι αι ι¬μ§ ι¨ολ ηΆιν δοιμ νδ§© γιξ ο§ ©μ ο ¤ λ .,https://www.hosh.ps/archives/6469,μ μ ι¥ιν¥
"1,990",2/8/1990,ιδν ιγ©ηο ιιθνοΆ,"μ¤νκ ¬λμ ι¤ο¬ ιγ©ηο γιξ ιθνοΆ εο 11 κ¥©κ 1411μ• /2 δ«α« 1990 ν«Άδ©ηΆ ιγκιο΅ ιγ«θ©ο΅ ονκολ νλΆμΆ  «Άοι ιηνΆ ιγ©ηο΅ γιξ θκι ι©ΰο ιθνοΆο΅ εο 4 δ«α« £κ ¬θιΆ ¥θνκ΅ ­ν©ο΅  ©«΅ ιγηο§ γι ¥«ολ ¦ιι 4 - 8 δ«α« Ά¥Ά κ«κξ ¤κμν©ο΅ ιθνοΆ £κ γιλΆ ι¥θνκ΅ ιγ©ηο΅ ονκ 9 δ«α« 1990? ΰκ ιθνοΆ ιιγ©η νιδ ¤κογ ι«ε©Ά ι§νιο΅ εο ιθνοΆ.  κ εο ιαε  ικκιθ΅ ιγ© ο΅ ι«γν§ο΅ εη§ Ά¬θιΆ ι¥θνκ΅ ιθνοΆο΅ εο ικλεξ ¥ο£ Άν¤§ κο© ιθνοΆ ι¬ο¦ ¤ © ι¥κ§ ι­ ¥ ννιο ιγμ§ ι¬ο¦ «γ§ ιγ § ιιμ ι­ ¥ νιγ§ο§ κλ ιν© νε©§ ιηνΆ ικ«ι¥΅ ιθνοΆο΅.  ν«Άκ© ι¥Άιι ιγ©ηο ιιθνοΆ εΆ©΅ 7 ¬μν©? νλΆμξ ι¥Άιι  Ά¥©ο© ιθνοΆ εο 26 ε ©ο© 1991  γ§ ¥©  ι¦ιο¤ ι£λο΅.",https://ar.wikipedia.org/wiki/%D8%A7%D9%84%D8%BA%D8%B2%D9%88_%D8%A7%D9%84%D8%B9%D8%B1%D8%A7%D9%82%D9%8A_%D9%84%D9%84%D9%83%D9%88%D9%8A%D8%AA,μ μ ι¥ιν¥
"1,990",8/10/1990,κ¨ ¥΅ ιη­ξ ινιξ,"¥§£Ά κ¨ ¥΅ ιη­ξ ινιξ εο κ«¤§ ιη­ξ  κ§ολ΅ ιη§« εο Άκκ ι«γ΅ 10:30 κλ ­ ο¥΅ ονκ ι£λολ ικνεη 8 θΆν © κλ γκ 1990? η οι ­ι΅ ιβμ©? εη§ ¥νι κΆα©ενλ ομν§ κκ ο«κξ  ¤κγ΅κλ ¤ ι ιμοθι  νΰγ ¥¤© ι««  κ ο«κξ ιιμοθι ι£ι£ εο «¥΅ ικ«¤§ ιη­ξ? εηκ μι ιη§« γιξ γ§Άμκ ικλγ ικΆα©εολ ιομν§ κλ ¨ιθ? ενηγ ¬Ά θ  ολ ικ­ιολ νγ§§μκ η© ΅ © γ΅ ™ιε κ­ι ν ολ ικΆα©ενλ ιομν§ ι¨ολ οην§μκ δ©¬νλ «ικνλ? εΆ§¦ι γιξ ιεν© ¤λν§ ι¥Άιι ι«©οιο ικν¤ν§νλ εο «¥Ά ικ«¤§ νκα©ν ικ­ιολ  ¦Ά κλ ι©­­ §νλ Άκοο? κκ §ξ ιξ κηΆι 21 ν­ ΅ 150  ¤©ν¥ κ¦Άιε΅ νγΆηι 270 ¬¦­ρ? Άκ γη΅ ¥©θ΅ «ο©Ά ι«γε ν­ο   γΰ ια  νικκ©ΰολ £λ Ά§ο΅ ν¤ μκ? νικ οΆκ ¦ι ιηΆιξ νι¤©¥ο ι  γ§ 6 «γΆ κλ  §ο΅ ικ¨ ¥΅.",https://ar.wikipedia.org/wiki/%D9%85%D8%B0%D8%A8%D8%AD%D8%A9_%D8%A7%D9%84%D8%A3%D9%82%D8%B5%D9%89_%D8%A7%D9%84%D8%A3%D9%88%D9%84%D9%89,μ μ ι¥ιν¥
"1,990",20/12/1990,η©©681 ν κ ογ©ε (η©© «οθν) : ,μν η©© ο§ι ν ο›θ§ γιξ ιΆκ ικκ ικΆ¥§΅  ικν£οη νιΆεηοΆ ι§νιο΅ νΆθο§ γιξ κλγ ι«Άοι γιξ ι©ΰο γλ α©οη ι¥©  εο η©© 242(1967) εη§ Άιηξ ικολ ιγκ Άη©ο© κη§ νεη η©© κ¤ι« ικλ 672(1990) γλ ιν«ι νια©η ιΰκλ «ικ΅ ι¬γ  ιει«αολο κλ ι¥Άιι ι«©οιο εη§ ©«ι ικολ ιγκ  γ£Ά ικΆ γ΅ κ §©Άμκ ι¬γ  ιει«αολο εο «©οι θκ θ§ ικολ ιγκ εο ιη©© (S/21919) ¥ο£  § ικολ ιγκ ο¬γ©  ιηιη ? ¦νε κλ Ά§μν© ινΰγ εο ι©ΰο ιει«αολο΅ ιΆο ¥ΆιΆ κλ «©οι κλ¨ γκ (1967)  κ εομ ιη§« λΆο¤΅ ιγλε εο «©οι νλγ¤μκ κλ η©© ¥θνκ΅ «©οι  γ§ © γ΅ ει«αολοολ κλ ι©ΰο ικ¥Άι΅ εο λΆμθ ιιΆκΆμ  κν¤  Άεηο΅ ¤λοε ι© γ΅ ιγκ 1949 νη§ γιλ γλ μ¨ ιη©© εο 20θλνλ ινι/§ο«κ © 1990,https://www.palestine-studies.org/ar/node/35873,α©η  ©
"1,991",12/1/1991,δΆοι ­ι¥ ¦ιε ( ν ο§) ,μν «ο«ο ει«αολο  © θλ κλ κ›««ο ¥©θ΅ ιΆ¥©ο© ιει«αολο΅(εΆ¥) νη§ ι¤μ΅ ικλο΅ ι¦­΅ ιι¥©θ΅ ιεΆ©΅ ανοι΅ ¬ογ λμ γοκ ικλβκ΅ οινι ι«ν§ νη Άγ©ΰ ιθ£© κλ κ¥νι ιδΆοιμ .  νη§ δΆοι εο Άνλ« 14θλνλ ι£λο / ολο© 1991.,https://ar.wikipedia.org/wiki/%D8%B5%D9%84%D8%A7%D8%AD_%D8%AE%D9%84%D9%81,α©η  ©
"1,991",17/1/1991,μ¤©΅ ιει«αολοολ εο ¥©  ι¦ιο¤ ι£λο΅ ,¥ο£ θλ μλθ 400 ιε ει«αολο εο ιθνοΆ η ι ¥©  ι¦ιο¤ ι£λο΅ κ ¦ιι ιδν ιγ©ηο ιιθνοΆ δ§© 200 ιε ει«αολο ιθνοΆ ι«   κ¦Άιε΅ (ι¦νε κλ ιΰαμ§ νλη­ ιδ¨ ν­γν Ά ι©γο΅ ια ο΅ νιλη­ ικιο νι¦νε κλ ιγΆηι ν«ν ικγκι΅ γλ§ ι¥ν¤ κλ η ι ιγ©ηοολ )νδο©μ κλ ι«   ν  γ§ ¥©  ι¦ιο¤ γκ 1991 ε© κ οη©  κλ 200 ιε ει«αολο κλ ιθνοΆ νο©¤γ ¨ιθ ¤ο ιξ ιγ  ιηΆ­§ο΅ νι¦νε κλ «΅ «Ά¦§κ ηνΆ ικλ ιθνοΆο΅. θλΆ μ¨μ ι«ο«΅ ιΆο §Ά ¤ο ιξ μ¨ ιλν¥ ©§ γιξ κνκ΅ ©ο« κλβκ΅ ιΆ¥©ο© ιει«αολο΅ ο«© γ©εΆ κγ ­§κ ¥«ολ.,https://ar.wikipedia.org/wiki/%D8%AA%D8%B1%D8%AD%D9%8A%D9%84_%D8%A7%D9%84%D9%81%D9%84%D8%B3%D8%B7%D9%8A%D9%86%D9%8A%D9%8A%D9%86_%D9%85%D9%86_%D8%A7%D9%84%D9%83%D9%88%D9%8A%D8%AA,α©η  ©
"1,991",16/12/1991,η©© ι¤κγο΅ ιγκ΅ ιικκ ικΆ¥§΅ 46/86 ," ιδ λ ι­μονλο΅ ¥§ ¬θι ιγλ­©ο΅? ν¨ιθ ικνεη΅ «©οι γιξ ικ¬©θ΅ εο κ›Άκ© κ§©ο§ ιι«ικ νη§ α η μ¨ ιη©©",https://ar.wikipedia.org/wiki/%D9%82%D8%B1%D8%A7%D8%B1_%D8%A7%D9%84%D8%AC%D9%85%D8%B9%D9%8A%D8%A9_%D8%A7%D9%84%D8%B9%D8%A7%D9%85%D8%A9_%D9%84%D9%84%D8%A3%D9%85%D9%85_%D8%A7%D9%84%D9%85%D8%AA%D8%AD%D8%AF%D8%A9_46/86,α©η  ©
"1,993",13/12/1993,Άεηο΅ ν«ιν ,"μν Άεη «ικ νηγΆμ «©οι νκλβκ΅ ιΆ¥©ο© ιει«αολο΅ εο κ§ολ΅ ν¬λαλ ικ©οθο΅ εο 13 « Άκ © 1993?  ¥ΰν© ι©ο« ικ©οθο ι« η  οι θιολΆνλ. νη§ λ­Ά μ¨μ ιΆεηο΅ γιξ ιθ£ο© κλ ικ § μκμ : 1 Άλ ¨ κλβκ΅ ιΆ¥©ο© ιει«αολο΅ ι©μ  νιγλε (Άκλγ ικηνκ΅ ικ«ι¥΅ ΰ§ «©οι) νΆ¥¨ε ι λν§ ιΆο ΆΆγιη  μ εο κο£ημ θιγκι ικ«ι¥ νΆ§κο© «©οι (ι©«ι ικΆ §ι΅ - ι¦α  ινι) 2 ΆγΆ©ε «©οι  κλβκ΅ ιΆ¥©ο© ιει«αολο΅ γιξ λμ ικκ£ι ι¬©γο ιι¬γ  ιει«αολο.(ι©«ι ικΆ §ι΅ - ι¦α  ι£λο) 3 ΆγΆ©ε κλβκ΅ ιΆ¥©ο© ιει«αολο΅  §νι΅ «©οι (γιξ 78% κλ ©ΰο ει«αολ ? ο θι ει«αολ κ γ§ ιΰε΅ ιδ© ο΅ νδ΅). 4 ¦ιι ¦κ« «λολ Άλ«¥  «©οι κλ ©ΰ εο ιΰε΅ ιδ© ο΅ νηαγ δ΅ γιξ κ©¥ι νιμ ©ο¥ νδ΅ ιιΆολ Ά¬θιλ 1.5% κλ ©ΰ ει«αολ. 5 η© «©οι  ¥η ιει«αολοολ εο ηκ΅ ¥θκ ¨Άο κ›ηΆ (­ ¥Ά Άγ©ε εοκ  γ§  ι«ια΅ ιναλο΅ ιει«αολο΅) γιξ ι©ΰο ιΆο Άλ«¥  κλμ νμο ιΰε΅ ιδ© ο΅ νδ΅ (¥θκ ¨Άο ιιει«αολοολ νιο« §νι΅ κ«Άηι΅ ¨Ά «ο§΅). νκλ 9-10 οινι/ « Άκ © οΆ §ι ο«© γ©εΆ κλβκ΅ ιΆ¥©ο© ιει«αολο΅ ν«¥η © ολ ©ο« ιν© ι«©οιο ιγΆ©εΆ ιΆο λ­Ά γιομ Άεηο΅ ν«ιν νεο 13 οινι/« Άκ © Άνηγ κλβκ΅ ιΆ¥©ο© ιει«αολο΅ ν«©οι γιλ ικ § ικΆγιη΅  ι¥θκ ι¨Άο ικ›ηΆ εο ιγ­κ΅ ικ©οθο΅ ν¬λαλ Ά¥Ά ©γο΅ ι©ο«  οι θιλΆνλ ν¤© λΆ¦ Ά ει«αολο΅ ιλ¬ ι¥θνκ΅ ιει«αολο΅ νλ«¥  «©ο κλ ικλαη ιΆο ¥ΆιΆμ γκ 1967  νθλ ιμ§ε κλ μ¨μ ιγκιο΅ Άλεο¨ η©© ικκ ικΆ¥§΅ ©ηκ 242 γκ 1967",https://ar.wikipedia.org/wiki/%D8%A7%D8%AA%D9%81%D8%A7%D9%82%D9%8A%D8%A9_%D8%A3%D9%88%D8%B3%D9%84%D9%88,α©η  ©
"1,994",25/2/1994,κ¨ ¥΅ ι¥©κ ι ©μοκο,"λε¨μ  ια ο  ιομν§ο  ©ν¦ ¤νι§¬Άολ εο κ§ολ΅ ι¦ιοι ιει«αολο΅ ε¤© ονκ ι¤κγ΅ 15 ©κΰλ γκ 1414 μ• / ικνεη΅ ι• 25 ε ©ο© 1994 ιΆο ηκ  μ κγ Άνα› γ§§ κλ ικ«Άναλολ νι¤ο¬ εο ¥η ικ­ιολ? ¥ο£ αιη ιλ© γιξ ικ­ιολ ικ«ικολ εο ικ«¤§ ι ©μοκο £λ §μκ ι­ι΅ ε¤© ονκ ¤κγ΅ εο ¬μ© ©κΰλ? νη§ «Ά¬μ§ 29 κ­ιορ ν¤©¥ 150 ™¦©ολ η ι λ οληΰ γιομ κ­ινλ ™¦©νλ νοηΆινμ.",https://ar.wikipedia.org/wiki/%D9%85%D8%B0%D8%A8%D8%AD%D8%A9_%D8%A7%D9%84%D8%AD%D8%B1%D9%85_%D8%A7%D9%84%D8%A5%D8%A8%D8%B1%D8%A7%D9%87%D9%8A%D9%85%D9%8A,κ¥κ§ ¬¥§΅
"1,994",4/5/1994,Άεη δ΅-©ο¥,"νη‘γ εο 4 κον 1994 ι¥η ιΆεηο΅ ν«ιν? νεομ ¦ι­ ια©ε ιξ Άε­οι ι¥θκ ι¨Άο ιει«αολο. ν γαΆ ιΆεηο΅ ¥θκ ¨Άο ει«αολο κ¥§ν§ εο ιΰε΅ ιδ© ο΅ νηαγ δ΅ ¦ιι 5 «λνΆ. νΆ γ ιμ¨μ ικγμ§΅ νγ§Ά «©οι  ιλ«¥  ¤ο κλ ©ο¥ εο ιΰε΅ ιδ© ο΅ ν¤ο κλ ηαγ δ΅ ¦ιι £ι£΅ « ογ κλ Ά©ο¦ ιΆνηογ.",https://ar.wikipedia.org/wiki/%D8%A7%D8%AA%D9%81%D8%A7%D9%82_%D8%BA%D8%B2%D8%A9_%D8%A3%D8%B1%D9%8A%D8%AD%D8%A7,κ¥κ§ ¬¥§΅
"1,994",1/7/1994,εο α© Άεη ν«ιν,"ινι κλ Άκν κλ γκ1994 θλΆ ει«αολ γιξ κνγ§ ¦­ κγ ιη§  ν γκ©? θλΆ Άιθ μο ικ©΅ ινιξ ιΆο ογν§ εομ ιξ ©ΰ ιναλ? ιο« θε§ο κΆ¦εφ?  ι εο α© Άεη ν«ιν ι¨ο νηγΆ γιομ κλβκ΅ ιΆ¥©ο© ιει«αολο΅ γκ1993? κγ  γΆ©ε §νιο νκκ γονλ ικιοολ εο ιγικ ι¨ολ Ά γν γ © ι¬¬Ά κ¬μ§ γν§Άμ.",http://wafa.ps/ar_page.aspx?id=0OwrHFa857426663676a0OwrHF,κ¥κ§ ¬¥§΅
"1,994",28/9/1994,Άεηο΅ α ,"Άεηο΅ κ©¥ιο΅  ©κΆμ νκλβκ΅ ιΆ¥©ο© ιει«αολο΅ ν«©οι  ¬λ §©΅ ι¥θκ εο ιΰε΅ ιδ© ο΅ νηαγ δ΅? ¤©Ά κ ¥£Άμ εο α   κ­© ννυηγΆ ©«κο εο ν¬λαλ ονκ 28 « Άκ ©/οινι 1995? ν¬Άμ©Ά  •""Άεηο΅ ν«ιν 2? ιθνλμ ¥§ κι¥ηΆμ ιΆε­οιο΅ ικμκ΅.",https://www.aljazeera.net/encyclopedia/events/2016/10/2/%D8%A3%D9%87%D9%85-%D9%85%D8%B6%D8%A7%D9%85%D9%8A%D9%86-%D8%A7%D8%AA%D9%81%D8%A7%D9%82%D9%8A%D8%A9-%D8%B7%D8%A7%D8%A8%D8%A7-%D8%A7%D9%84%D9%81%D9%84%D8%B3%D8%B7%D9%8A%D9%86%D9%8A%D8%A9,κ¥κ§ ¬¥§΅
"1,994",26/10/1994,κγμ§΅ ν§ο γ© ΅,μο κγμ§΅ «ικ νηγΆ  ολ ι©§λ ν«©οι γιξ ι¥§ν§ ιε­ι΅  ολ ι§νιΆολ νικ©΅  ν§ο γ© ΅ εο 26 θΆν © 1994. α γΆ μ¨μ ικγμ§΅ ιγιηΆ  ολ ι ι§ολ νΆλνιΆ ιλγΆ ι¥§ν§ο΅  ολμκ. νΆ©Ά α μ¨μ ικγμ§΅ κ ¬©΅  ι¤μν§ ικ ¨νι΅ εο γκιο΅ ι«ικ  ολ «©οι νκλβκ΅ ιΆ¥©ο© ιει«αολο΅.  Άνηογ μ¨μ ικγμ§΅ ­ ¥Ά ι©§λ £λο §νι΅ γ© ο΅  γ§ κ­© ν£ι£ ¤μ΅ γ© ο΅  γ§ κ­© νκλβκ΅ ιΆ¥©ο© ιει«αολο΅ Άα γ γιηΆμ κγ «©οι.,https://ar.wikipedia.org/wiki/%D9%85%D8%B9%D8%A7%D9%87%D8%AF%D8%A9_%D8%A7%D9%84%D8%B3%D9%84%D8%A7%D9%85_%D8%A7%D9%84%D8%A3%D8%B1%D8%AF%D9%86%D9%8A%D8%A9_%D8%A7%D9%84%D8%A5%D8%B3%D8%B1%D8%A7%D8%A6%D9%8A%D9%84%D9%8A%D8%A9,κ¥κ§ ¬¥§΅
"1,995",28/9/1995,ιΆεη ιλΆηιο," ¬λ ιΰε΅ ιδ© ο΅ νηαγ δ΅ ι¬μο©  Άεη ν«ιν 2μο Άεηο΅ κ¥ν©ο΅ νκ©θ ΅ εο γκιο΅ ι«ικ ι«©οιο΅ ιει«αολο΅ νιλμ Άκ ιΆνηογ γιξ ιΆεηο΅ εο α ? Ά«κξ ¥ολρ Άεηο΅ α . νΰγΆ ιΆεηο΅ Ά­ν©ρ ιΆ«ο« ¥θνκ΅ ¨Άο΅ λΆηιο΅ ει«αολο΅ εο ι©ΰο ιει«αολο΅? ιθλμ ικ ΆΆΰκλ νγ§  ηκ΅ §νι΅ ει«αολο΅ κ«Άηι΅ κυλ¥Ά ι«ια΅ ιει«αολο΅  γΰ ι«ιαΆ νικ«νιοΆ ικ¥§ν§΅ εο ικλαη΅ κγ κθλο΅ γη§ κενΰΆ ¥νι ιΆ«νο΅ ιλμο΅ ¥«  η©©ο κ¤ι« ικλ ©ηκ 242 ν338. Άκ ιΆνηογ ι©«κο γιξ ιΆεηο΅ εο ν¬λαλ ονκ 28 « Άκ © 1995",https://ar.wikipedia.org/wiki/%D8%A7%D8%AA%D9%81%D8%A7%D9%82%D9%8A%D8%A9_%D8%A3%D9%88%D8%B3%D9%84%D9%88_2,κ¥κ§ ¬¥§΅
"1,995",4/11/1995,«¥η © ολ,"¦ιι κμ©¤λ ¦α ο κ›ο‘§ ιι«ικ εο κο§λ ""κινθ «©οι""  εο κ§ολ΅ Άι  ο ? η§κ ιομν§ο ικΆα©‘ε ο¤ι κο© γιξ αιη ιλ© γιξ «¥η © ολ? νθλΆ ι­ ΅ κκοΆ΅ ¨ κΆ γιξ £©μ γιξ «©ο© ιγκιοΆ εο ικ«Ά¬εξ £λ κ¥νι΅ ια  λη¨ ¥οΆμ.",https://ar.wikipedia.org/wiki/%D8%A5%D8%B3%D8%AD%D8%A7%D9%82_%D8%B1%D8%A7%D8%A8%D9%8A%D9%86,κ¥κ§ ¬¥§΅
"1,996",20/1/1996,¤©Ά λΆ¦ Ά ©«΅ ι«ια΅ ιναλο΅ ιει«αολο΅,"εο ιΰε΅ ιδ© ο΅ νηαγ δ΅  ολ ο«© γ©εΆ κλ ¥©θ΅ εΆ¥ νικ«Άηι΅ «κο¥΅ ¦ιοι νιΆο «ε©Ά γλ λΆ¦  γ©εΆ εομ νμν ικλ­  ι¨ο ¬διμ ¥Άξ νεΆμ γκ 2004 ν¨ιθ  ¥­νιμ γιξ 87.1? κη ι 12.9? ιικ©¬¥΅ ικ«Άηι΅ νη§ ¤©Ά ιλΆ¦ Ά  λ γιξ Άεηο΅ ν«ιν ¥ο£ Ά¬ο© ικ§΅ ι£ι£΅ κλμ ιξ ΰ©ν©΅ ¤© λΆ¦ Ά γκ΅ ¥©΅ νκ ¬©΅? ι¦Άο© γΰ ικ¤ι« ιΆ¬©ογο ιει«αολο",https://ar.wikipedia.org/wiki/%D8%A7%D9%84%D8%A7%D9%86%D8%AA%D8%AE%D8%A7%D8%A8%D8%A7%D8%AA_%D8%A7%D9%84%D8%B9%D8%A7%D9%85%D8%A9_%D8%A7%D9%84%D9%81%D9%84%D8%B3%D8%B7%D9%8A%D9%86%D9%8A%D8%A9_1996,κ¥κ§ ¬¥§΅
"1,996",24/9/1996,εΆ¥Ά «©οι λεηρ ο© α  ολ ¥α ι ©η  κ¦©¤  ιη©  κλ ι¥©κ ιη§«ο ι¬©οε,"ν£© ιεΆΆ¥ ¬Ά θΆ «Άκ©Ά ικ§΅ ¦κ«΅ οκ? εο ι©ΰο «ε©Ά γλ κηΆι 56 ει«αολο ν14 «©οιο. ν­ο  300 ™¦©νλ  ¤©ν¥.",https://ar.wikipedia.org/wiki/%D9%82%D8%B1%D8%A7%D8%B1_%D9%85%D8%AC%D9%84%D8%B3_%D8%A7%D9%84%D8%A3%D9%85%D9%86_%D8%A7%D9%84%D8%AA%D8%A7%D8%A8%D8%B9_%D9%84%D9%84%D8%A3%D9%85%D9%85_%D8%A7%D9%84%D9%85%D8%AA%D8%AD%D8%AF%D8%A9_%D8%B1%D9%82%D9%85_1073,κ¥κ§ ¬¥§΅
"1,996",28/9/1996,η©© κ¤ι« ικλ ιΆ γ ιικκ ικΆ¥§΅ ©ηκ 1073,"ι¨ο γΆκ§ εο 28 οινι / « Άκ © 1996?  γ§ λ ¬© ικ¤ι« ιξ ¤κογ ιη©©Ά ικΆγιη΅  ιη§« κ¬ο©ρ ιξ ©«ι΅ κλ ι«γν§ο΅ λο ΅ γλ ι¤κγ΅ ιγ© ο΅? §γ «©οι ιξ νηε νγθ« ¤κογ ιεγι ιΆο η§ §Ά ιξ Άεηκ εο ικλαη΅.",https://ar.wikipedia.org/wiki/%D9%82%D8%B1%D8%A7%D8%B1_%D9%85%D8%AC%D9%84%D8%B3_%D8%A7%D9%84%D8%A3%D9%85%D9%86_%D8%A7%D9%84%D8%AA%D8%A7%D8%A8%D8%B9_%D9%84%D9%84%D8%A3%D9%85%D9%85_%D8%A7%D9%84%D9%85%D8%AA%D8%AD%D8%AF%D8%A9_%D8%B1%D9%82%D9%85_1073,κ¥κ§ ¬¥§΅
"1,997",15/1/1997, ©νΆνθνι ι¦ιοι,"νΆεη ι¦ιοιμν  ©νΆνθνι Άκ  ολκλβκ΅ ιΆ¥©ο© ιει«αολο΅νι¥θνκ΅ ι«©οιο΅ Ά©ο¦ 15 ολο© (θλνλ ι£λο) 1997? ν¨ιθ  μ§ε γ§΅ λΆ¬©ιηνΆ ι«©οιο΅εο κ§ολ΅ι¦ιοι?[1]γη  ¨ιθ Άη«οκ κ§ολ΅ι¦ιοιιξ κλαηΆολ: κλαη΅ μ•1 (H1) νιΆο Ά¬θι 80% κλ ικ«¥΅ ιθιο΅ ικ§ολ΅ι¦ιοινΆ¦ΰγ ιι«οα©΅ ιει«αολο΅. νκλαη΅ μ•2 (H2)? νΆ¬θι 20% κλ κ«¥΅ι¦ιοι ηοΆ Ά¥Ά ι«οα©΅ ικλο΅ ι«©οιο΅ εοκ ληιΆ ι­ι¥οΆ ικ§λο΅ ιι«ια΅ ιει«αολο΅.",https://ar.m.wikipedia.org/wiki/%D8%A7%D8%AA%D9%81%D8%A7%D9%82_%D8%A7%D9%84%D8%AE%D9%84%D9%8A%D9%84,ο© ιλ¤©
"1,998",7/7/1998,η©© ©ηκ 52?/250,"ι¤κγο΅ ιγκ΅ ιικκ ικΆ¥§΅ η©© ©ηκ 52?/250  Ά©ο¦ 7 Άκν/ονιον 1998? κλ¥ ει«αολ ¥ηνηρ νκΆοΆ ΰεο΅ ιικ¬©θ΅ εο §ν©Ά ι¤κγο΅ ιγκ΅... Άη©© λ Άκλ¥ ει«αολ?  ν­εμ κ©η ρ? νγιξ ιλ¥ν ιν©§ εο κ©εη μ¨ ιη©©? ¥ηνηρ νκΆοΆ ΰεο΅ ιικ¬©θ΅ εο §ν©Ά ι¤κγο΅ ιγκ΅ νγκιμ νεο ικ›Άκ©Ά ι§νιο΅ ιΆο Άγη§ Ά¥Ά ¬©ε ι¤κγο΅ ιγκ΅ ν μοΆ ικκ ικΆ¥§΅ ι¦©ξ νθ¨ιθ εο κ›Άκ©Ά ικκ ικΆ¥§΅? 2 • Άαι  ιξ ικολ ιγκ λ ογικ ι¤κγο΅ ιγκ΅? εο δΰνλ ι§ν©΅ ι¥ιο΅?  Άλεο¨ ια©η ικ©εη΅  μ¨ ιη©©.",https://www.paljourneys.org/ar/timeline/historictext/10052/%D9%82%D8%B1%D8%A7%D8%B1-%D8%A7%D9%84%D8%AC%D9%85%D8%B9%D9%8A%D8%A9-%D8%A7%D9%84%D8%B9%D8%A7%D9%85%D8%A9-%D8%B1%D9%82%D9%85-52250,ο© ιλ¤©
"1,998",23/10/1998,Άεηο΅ νο ©οε©,"¦αν΅ εο γκιο΅ ι«ικ ι«©οιο΅ ιει«αολο΅ γκ 1998 λ­ γιξ γ§΅ λΆ¬©«©οιοεο  γΰ ικλαηιει«αολο΅? νγιξ ηοκ ι«ια΅  Ά©Άο Ά κλο΅ κλ  ολμ ¦©¤ ικλβκΆ ι©μ ο΅ γλ ιηλνλ? νΆ¬θοι ι¤λΆολ ινιξ £λο΅ ει«αολο΅ «©οιο΅ ιιΆλ«οη ικλο? νι¦©ξ £ι£ο΅ εομινιοΆ ικΆ¥§΅ΰε΅ ιξ ια©εολ ι« ηολ ικλγ ιΆ¥©οΰ ικ¥Άκι γιξ ι©μ  νΆΰκ £ι£΅ ¦ © κλ θι α©ε γικο νηλνλο νΆ© νο.",https://ar.m.wikipedia.org/wiki/%D8%A7%D8%AA%D9%81%D8%A7%D9%82%D9%8A%D8%A9_%D9%88%D8%A7%D9%8A_%D8%B1%D9%8A%D9%81%D8%B1,ο© ιλ¤©
"2,000",28/9/2000,ιλΆεΰ΅ ιει«αολο΅ ι£λο΅,"νλΆεΰ΅ ιη­ξ? λ§ιγΆ εο28 « Άκ ©2000νΆνηεΆ εγιορ εο8 ε ©ο©2005 γ§ Άεη ιμ§λ΅ ι¨ο γη§ εοηκ΅ ¬©κ ι¬ο¦νι¨ο ¤κγ ι©ο« ιει«αολο ικλΆ¦  ¥§ο£ρκ¥κν§ γ «ν©ο« ιν© ι«©οιο ©οι ¬©νλ?[2][3][4]νΆκοΆ μ¨μ ιλΆεΰ΅ κη©λ΅  « ηΆμ  θ£©΅ ικν¤μΆ κ«ι¥΅ νΆ­γ§ νΆο©΅ ιγκι ιγ«θ©ο΅  ολικηνκ΅ ιει«αολο΅νι¤ο¬ ι«©οιο? ©¥ ΰ¥οΆμ ¥νιο 4412 ει«αολορ ν48322 ¤©ο¥ρ.[5][6][7][8]νκ ¦«© ι¤ο¬ ι«©οιο Άγ§§μ 334 ηΆοι νκλ ικ«Άναλολ 735 ηΆοι? νιο­ ¥ κ¤κνγ ιηΆιξ νι¤©¥ξ ι«©οιοολ 1069 ηΆοι ν4500 ¤©ο¥?[9]νγα  50 §  ΅ κλ λνγκο©θεν§κ© γ§§ κλ ι¤ο Ά ιγ«θ©ο΅ νικ§©γΆ ι«©οιο΅. νκ©Ά κλαηιΰε΅ ιδ© ο΅νηαγ δ΅¦ιιμ  γ§‘΅ ¤Άο¥Ά «©οιο΅ κλμγκιο΅ ι§©γ ινηονκα© ι­οενι©­­ ικ­ ν .",https://ar.m.wikipedia.org/wiki/%D8%A7%D9%84%D8%A7%D9%86%D8%AA%D9%81%D8%A7%D8%B6%D8%A9_%D8%A7%D9%84%D9%81%D9%84%D8%B3%D8%B7%D9%8A%D9%86%D9%8A%D8%A9_%D8%A7%D9%84%D8%AB%D8%A7%D9%86%D9%8A%D8%A9,ο© ιλ¤©
"2,001",27/8/2001,δΆοι  ν γιο κ­αεξ,"Άνεη ι¤κγ΅ 27 δ«α« ι¨θ©ξ ι•20 ιδΆοι ικολ ιγκ ιι¤ μ΅ ι¬γ ο‘΅ ιΆ¥©ο© ει«αολ  ν γιο κ­αεξ? ι¨ο «Ά¬μ§  γ§ «Άμ§εμ κλ α©Ά ι¥Άιι ι«©οιο §¦ι κθΆ μ εο κ§ολ΅ ©κ ιιμ ν«α ιΰε΅ ιδ© ο΅ ικ¥Άι΅. νογΆ © κ­αεξ νι ηο§ο ΆδΆιμ ""«©οι""  ­ν©ο¦μ ¦ιι λΆεΰ΅ ιη­ξ. εεο ι« γ νιγ¬©ολ κλ ¬μ© δ«α«/ ™  2001? η­εΆ κ©ν¥οΆ ι¥Άιι  ­©ν¦ολ κθΆ  κ­αεξ εο ©κ ιιμ? κ §ξ ιξ ΆεΆΆ ¤«§μ ν«Ά¬μ§μ γιξ ιεν©. νη ι ¤©οκ΅ ιδΆοι Άγ©ΰ κ­αεξ ¦ιι κ«ο©Άμ ιλΰιο΅ ιγ§΅ κ¥νιΆ δΆοι?  ©μ θλΆ εο  ο©νΆ νιδν© ι©§λο΅.",https://safa.ps/post/311459/20-%D8%B9%D8%A7%D9%85-%D8%A7-%D8%B9%D9%84%D9%89-%D8%A7%D8%BA%D8%AA%D9%8A%D8%A7%D9%84-%D8%A7%D9%84%D9%82%D8%A7%D8%A6%D8%AF-%D8%A7%D9%84%D9%88%D8%B7%D9%86%D9%8A-%D8%A7%D9%84%D9%83%D8%A8%D9%8A%D8%B1-%D8%A3%D8%A8%D9%88-%D8%B9%D9%84%D9%8A-%D9%85%D8%B5%D8%B7%D9%81%D9%89,ο© ιλ¤©
"2,002",29/3/2002,γκιο΅ ι§©γ ινηο,"μο γκιο΅ γ«θ©ο΅ ηκΆ  μ «©οι  ¥Άιι νκμ¤κ΅ κ§λ ι«ια΅ ιει«αολο΅ γη  ηοκ ιγ«θ©ο ιει«αολο ®γ § ι «α γν§΅―  Άλεο¨ γκιο΅ ελ§η  ©θ ιΆο Άγ§ ΰ¦κ γκιο΅ Άε¤ο©ο΅ §κνο΅ εο Ά©ο¦ «©οι. θλ ιμ§ε ι©ο«ο κλ γκιο΅ ι§©γ ινηο μν ιηΰ λμορ γιξ ιλΆεΰ΅ ιει«αολο΅ ι£λο΅? νη§ λαιηΆ ιγκιο΅ εο 29 κ©« 2002 νλΆμΆ εο 10 κον 2002? ν¥¬§Ά ιμ «©οι κ οη©  30 ιε ¤λ§ο. ",https://ar.wikipedia.org/wiki/%D8%B9%D9%85%D9%84%D9%8A%D8%A9_%D8%A7%D9%84%D8%AF%D8%B1%D8%B9_%D8%A7%D9%84%D9%88%D8%A7%D9%82%D9%8A,μ μ ι¥ιν¥
"2,002",11/4/2002,κ¤©΅ ¤λολ,"μν «κ οαιη γιξ γκιο΅ ιΆνδι ιΆο ηκ  μ ι¤ο¬ ι«©οιο εο ¤λολ εο ιεΆ©΅ κλ 1 ιξ 11  ©οι 2002. νΆ¬ο© κ­§© ι¥θνκ΅ ι«©οιο΅ νηνγ κγ©θ΅ ¬§ο§΅ εο ¤λολ? κκ ΰα© ¤λν§ ι¤ο¬ ι«©οιο ιξ ιηΆι  ολ ικλι.  ολκ Ά¬ο© κ­§© ι«ια΅ ιει«αολο΅ νκλβκΆ ¥ηνη ιλ«λ νκλβκΆ §νιο΅ ¦©ξ λ ιηνΆ ι«©οιο΅ £λ §©΅ γκιοΆμ εο κ¦οκ ιι¤ολ ηκΆ  ©Άθ  γκι ιηΆι ιγ¬νο? ν«Ά¦§κ ι§©νγ ι ¬©ο΅? νι«Ά¦§κ δο© ικΆλ«  ιιην΅? νγκιοΆ ιγΆηι ιΆγ«εο νιΆγ¨ο ? νκλγ ιγι¤ ια ο νικ«γ§΅ ια ο΅.[1]κγ ¨ιθ θλ Άη©ο© ικκ ικΆ¥§΅ γλ ικ¤©΅ κλ¥  ¬θι νΰ¥ ιιθολ ι­μονλο? ¥ο£ «ν  ολ ια©εολ κλ ¥ο£ ιην΅ ιγ«θ©ο΅? νν­εμκ θλμκ ¦­κλ εο «¥΅ ¥© !!   νη§ «¬μ§ εο μ¨μ ικγ©θ΅  ¥«  Άη©ο© ικκ ικΆ¥§΅ 58 ει«αολο νγΆ©ε ι¤λ  ι«©οιο  κηΆι 23 κλ ¤λν§μ ",https://ar.wikipedia.org/wiki/%D9%85%D8%AC%D8%B2%D8%B1%D8%A9_%D8%AC%D9%86%D9%8A%D9%86,μ μ ι¥ιν¥
"2,002",24/9/2002,η©© κ¤ι« ικλ ιΆ γ ιικκ ικΆ¥§΅ ©ηκ 1435,"ι¨ο γΆκ§ εο 24 « Άκ © 2002?  γ§ ι¬©΅ ιξ ιη©©Ά 242 (1967)? 338 (1973)? 1397 (2002)? 1402 (2002) ν?1403 (2002)? αι  ικ¤ι«  λμ ιΆ§ ο© ι«©οιο΅ εο ©κ ιιμ?  κ εο ¨ιθ Ά§κο© ι λο΅ ιΆ¥Άο΅ ιει«αολο΅",https://ar.wikipedia.org/wiki/%D9%82%D8%B1%D8%A7%D8%B1_%D9%85%D8%AC%D9%84%D8%B3_%D8%A7%D9%84%D8%A3%D9%85%D9%86_%D8%A7%D9%84%D8%AA%D8%A7%D8%A8%D8%B9_%D9%84%D9%84%D8%A3%D9%85%D9%85_%D8%A7%D9%84%D9%85%D8%AA%D8%AD%D8%AF%D8%A9_%D8%B1%D9%82%D9%85_1435,μ μ ι¥ιν¥
"2,002",8/8/2002, «©οι :θοε λΆ¦ι­ κλ γ©εΆ? - κ›««΅ ο«© γ©εΆ,"¬λΆ «©οι νν¬λαλ ¥κι΅ κθ£ε΅ ιε©ΰ Άδοο©Ά «κΆμ "" ­ι¥Ά"" γιξ ι«ια΅ ιει«αολο΅ ΆΆΰκλ η­ γ©εΆ εγιο. νκλ μ¨μ ι­ι¥Ά «Ά¥§£ κλ­  ©ο« ν© Άγν§ ιομ κ«›νιο΅ ικλ. νΆ¥νοι γ©εΆ  κν¤  μ¨μ ι­ι¥Ά ιξ ©ο«  §νλ ­ι¥οΆ? νΆ¥νοι ι«ιαΆ ι¥ηοηο΅ ιξ ©ο« ιν©.νΆμκΆ «©οι γ©εΆ  «Ά¦§κ κνι ι§γκ ιν©ν ο νμο ιθ © κλ  ολ κγνλΆ ι§νι ι•κλ¥΅? ι¬© «ι¥΅ νιλεη γιξ κ¤κνγΆ ©μ ο΅ ιθλ ιΆ¥§ ιν©ν ο γιλ""  γ§ ¤© Ά¥ηοη λομ:""ι•κ λ¤§ ο §ιοι γιξ λ κνι ιΆ¥§ ιν©ν ο η§ «Ά¦§κΆ ιδ©ΰ δο© Άιθ ιΆο Άεη ¥νιμ ιΆ¥§ ιν©ν ο κγ ι«ια΅ ιει«αολο΅ "".   ι•κ οθλ «Ά¥§£ κλ­  ©ο« ν© και ρ κο©θορ εηα?  ι λ ιι¤λ΅ ι•κ©θο΅ ι¥©θ΅ ""εΆ¥"" θλΆ η§ α©¥Άμ εο ¤Άκγμ ονκ 8 ™ /δ«α«2002  ©«΅ γ©εΆ?νηΆ©¥Ά Άγοολ κ¥κν§ γ « "" ν κλ"" ιμ¨ ι•κλ­ .νεο «©οι §§Ά ικ΅ ι«ο«ο΅ ι§¦ιο΅ Άεηκρ? εΆκ ¥ι ιθλο«Ά νΆη©© Άλβοκ λΆ¦ Ά ¤§ο§΅.",https://yaf.ps/page-812-ar.html,μ μ ι¥ιν¥
"2,002","2,002",¤§© ιε­ι ιγλ­©ο (¥«  ιει«αολοολ),ν ι¥¤ ικλο (¥«  ι«©οιοολ) μν γ ©΅ γλ ¤§© ανοι  λΆμ «©οι εο ιΰε΅ ιδ© ο΅ η©  ι¦α ι¦ΰ© νγι‘ιΆ ¨ιθ  κλγ §¦νι «θλ ιΰε΅ ιδ© ο΅ ιει«αολοολ ιξ ι©ΰο ικ¥Άι΅ νεο ινηΆ ι©μλ Άνηε ικ¬©νγ ¥Άξ λ¬© η©©Ά ικ¥θκ΅ ι«©οιο΅ ιγιο  ¬λ γ§§ κλ ιιΆκ«Ά ιΆο η§κ ιομ «θλ ει«αολονλ νγΰ ¤κγοΆ «©οιο΅ κ¦Άιε΅ και ολ  Άδοο© κ«© ι¤§© εο  γΰ ικθλ θο ι ο¬ν¬ α ογ΅ ¥ο΅ ι«θλ ν οκλγ κλμκ ©γ΅ ©ΰομκ.,https://ar.wikipedia.org/wiki/%D8%A7%D9%84%D8%AC%D8%AF%D8%A7%D8%B1_%D8%A7%D9%84%D8%A5%D8%B3%D8%B1%D8%A7%D8%A6%D9%8A%D9%84%D9%8A_%D9%81%D9%8A_%D8%A7%D9%84%D8%B6%D9%81%D8%A9_%D8%A7%D9%84%D8%BA%D8%B1%D8%A8%D9%8A%D8%A9,μ μ ι¥ιν¥
"2,003",19/2/2003,η©© 1515,"ι•¨ο Ά¦•¨μ κ¤ι•« ικ•λ εο ¤ι«•••Άμ ?????  ικγη••ν§΅ εο ?? Ά¬••©ολ ι£••λο/λνεκ• © ???? λ κ¤ι« ικλ ογ•©  γλ  ιδ ηιη•μ  «Άκ©© ι¥§£ ικ«νο΅ νγκι ιγλ•ε εο ι¬•©η ν¨ ογο•§ Άθ•©© ικαι •΅  •ινηε ιε•ν©ο ι¤κο•γ γκ•ι ιγλ•ε?  κ• εο ¨ι•••θ ¤κο••γ γκι ι©μ  νι«Άε• νιΆ¥©οΰ νιΆ§κο©? ν¨ ο›θ•§ κ•λ ¤§ο•§ γι•ξ ©›οΆ•μ ι•Άο ΆΆν¦••ξ κλαη•΅ Άγο•¬ εο•μ §νιΆ•λ? «•©οι νει«αολ? ¤λ • ιξ ¤λ•  ΰκλ ¥§ν§ ™κλ••΅ νκγΆ•©ε΅ ν¨ ο¬§§ γιξ ι¥¤΅ ιΆ¥ηοη «ικ ¬κι νγ§ι ν§κ εο ι¬©η ιν«α?  κ• εο ¨ιθ ικ«©λ ι«©οιο - ι«ν©ο νι«©οιο - ιι λλο? ν¨ ο©¥••   ικ«γ••ο ι§ ινκ«•ο΅ ι•Άο Ά ¨ιμ• ιμο•••΅ ι© γο••΅ ι§νιο••΅ νδο©μ•• κ••λ ι¤μΆ? νο¬¤γμ γιομ? ? - ο›ο•••§ ¦©οα•΅ ια©ο••η ι••Άο νΰγΆ••μ ιι¤λ••΅ ι© γο••΅? ιηκ••΅ γι••ξ ι§ νικεΰο•΅ ιξ ¥•ι §•κ ιι•••Ά©γ ι«••©οιο ? ιει«••αολο οη••νκ γι••ξ «••« ν¤••ν§ §νιΆ••ολ )",https://info.wafa.ps/userfiles/server/pdf/unsc1515.pdf,μ μ ι¥ιν¥
"2,004",22/3/2004,ι¬ο¦ ¥κ§ ο«ολ,"ι¨θ©ξ ι«Ά¬μ§ κ›«« ¥©θ΅ ικηνκ΅ ι«ικο΅ (¥κ«) ι¬ο¦ ¥κ§ ο«ολ? £© δΆοιμ κλ α©Ά ι¥Άιι ι«©οιο  γ§ ¦©ν¤μ κλ ­ι΅ ιε¤©.",https://safa.ps/post/324345/18%D8%B9%D8%A7%D9%85-%D8%A7-%D8%B9%D9%84%D9%89-%D8%A7%D8%BA%D8%AA%D9%8A%D8%A7%D9%84-%D8%A7%D9%84%D8%B4%D9%8A%D8%AE-%D8%A3%D8%AD%D9%85%D8%AF-%D9%8A%D8%A7%D8%B3%D9%8A%D9%86,«οι δ ©
"2,004",17/4/2004,§. γ § ιγο ι©λΆο«ο,"εο νι ηο§΅ ιμ κ©  Άλεο¨ γκιο΅ κολ «§ν§? εθλΆ μ¨μ ιγκιο΅ μο ι¬©©΅ ιιγκιο΅ δΆοιμ ν«Ά¬μ§μ? ¥ο£ ηκΆ εο κ« 17  ©οι 2004 κ©ν¥ο΅ «©οιο΅ Ά γ΅ ιι¤ο¬ ι«©οιο  αιη ­©ν¦ γιξ «ο©Άμ ε«Ά¬μ§ κ©εημ £κ ι¥ημ νμν γιξ «©ο© ικ«Ά¬εξ εο δ©ε΅ ιαν©ο νκλ νηΆμ κΆλγΆ ¥©θ΅ ¥κ« κλ γιλ ¦ιοε΅ ιι©λΆο«ο ¦νερ κλ «Ά¬μ§μ.",https://ar.m.wikipedia.org/wiki/%D8%B9%D8%A8%D8%AF_%D8%A7%D9%84%D8%B9%D8%B2%D9%8A%D8%B2_%D8%A7%D9%84%D8%B1%D9%86%D8%AA%D9%8A%D8%B3%D9%8A,«οι δ ©
"2,004",18/5/2004,γκιο΅ ην« η¥,μο γκιο΅ γ«θ©ο΅ ηκ  μ ι¤ο¬ ι«©οιο γιξ ικ«ικολ εο ει«αολ  Ά©ο¦ 18 ιξ 23 κον 2004 ιγκιο΅ «Άμ§εΆ ¥ο ι«ιαλ  ©ε¥ νκ¥αΆ ιθμ©  νικλ¬Ά νικλι εο ©ε¥ ν¬©θ εομ ιαο©λ ι¥© ο ι«©οιο ν§  Άμκ νγ§§ κλ ιιοΆ νηΆι ¦ιι ιγκιο΅ ιγ§ο§ κλ ει«αολοολ,https://ar.m.wikipedia.org/wiki/%D8%B9%D9%85%D9%84%D9%8A%D8%A9_%D9%82%D9%88%D8%B3_%D9%82%D8%B2%D8%AD,«οι δ ©
"2,004",19/5/2004,η©© κ¤ι« ικλ ιΆ γ ιικκ ικΆ¥§΅ ©ηκ 1544,"ικγΆκ§ εο 19 κον 2004? ¥ο£ §γ ικ¤ι« «©οι ιξ ¥Ά©κ ιΆκΆμ  κν¤  ιηλνλ ιλ«λο ι§νιο νλμ μ§κ ικλι  κ ο¬θι λΆμθ ι¨ιθ ιηλνλ. ν θλ μλθ ηιη  ι¥ι΅ ιλ«λο΅ ι ιει«αολοολ ι¨ολ ­ ¥ν   ι κνξ εο κλαη΅ ©ε¥? νοικ Άη§οκ ικ«γ§΅ ια©΅.ν§γο ια©ελ ιξ νΰγ ¥§ ιιγλε",https://ar.m.wikipedia.org/wiki/%D9%82%D8%B1%D8%A7%D8%B1_%D9%85%D8%AC%D9%84%D8%B3_%D8%A7%D9%84%D8%A3%D9%85%D9%86_%D8%A7%D9%84%D8%AA%D8%A7%D8%A8%D8%B9_%D9%84%D9%84%D8%A3%D9%85%D9%85_%D8%A7%D9%84%D9%85%D8%AA%D8%AD%D8%AF%D8%A9_%D8%B1%D9%82%D9%85_1544,«οι δ ©
"2,004",9/7/2004,"κ¥θκ΅ ιγ§ι ι§νιο΅  κ§ολ΅ ιμο ιμνιλ§ο΅? Άηΰο  γ§κ ¬©γο΅ ¤§© ιγι","ι¨ο Άηοκμ «©οι εο γκη ι©ΰο ιει«αολο΅? νΆγΆ ©  λ ηκΆμ ¦©ηρ ιιηλνλ ι§νιο. ν§γΆ «©οι ιξ νηε ι λ εομ νΆεθοθ κ Άκ  λ›μ νιδ λβκ Ά¬δοιμ νιηλνλ ι¦­  μ νγ§΅ ικιθ? νΆγνοΰ ιει«αολοολ ι¨ολ Άΰ©©ν κλ ι λ? νλ ι ΆγΆ©ε ι§νι  ι¥ιμ ιδο© ηλνλο΅ λΆ¤μ γλ  λ ¤§©",http://www.wafa.ps/ar_page.aspx?id=WBqm4ja56441808159aWBqm4j,«οι δ ©
"2,004",20/7/2004,ι¤κγο΅ ιγκ΅ ιικκ ικΆ¥§΅ ΆΆ λξ η©© Άεθοθ ι¤§© ιγι, δι ο΅ «¥η΅ η©©ρ οαι  «©οι  Άεθοθ κγβκ ¤ ι¤§© ιγι ι¨ο λ¬Άμ εο ιΰε΅ ιδ© ο΅.,https://ar.m.wikipedia.org/wiki/20_%D9%8A%D9%88%D9%84%D9%8A%D9%88,«οι δ ©
"2,004",12/10/2004,βμ©Ά νιξ γικΆ ιΆ§μν© ι¬§ο§ ι­¥΅ ο«© γ©εΆ,"εη§ ­ο  γ©εΆ θκ γιλ α ›μ  κ©ΰ εο ι¤μ ιμΰκο? νη ι ¨ιθ  θ£ο©? γλξ γ©εΆ κλ κ©ΰ κ¦Άιε΅? κλμ λοε εο ι¤κ¤κ΅ λ¤κ γλ ¥§£΅ α©΅? νκ©ΰ ¤ι§ο (ι ©­)? ν©¤γ΅ γκ΅ γνι¤Ά  §νο΅ εο ιγη§ ι¦ο© κλ ¥οΆμ",https://ar.m.wikipedia.org/wiki/%D9%8A%D8%A7%D8%B3%D8%B1_%D8%B9%D8%B1%D9%81%D8%A7%D8%AA,«οι δ ©
"2,004",29/10/2004,οδ§© ο«© γ©εΆ ιξ γκλ, ηκΆ γιξ £©μ α©΅ κ©ν¥ο΅  ληιμ ιξ ι©§λ νκλ £κ΅ ηιΆμ α©΅ ¦©ξ ιξ κ«Ά¬εξ  ο©«ο ιγ«θ©ο εο ε©λ« εο 29 θΆν © 2004,https://ar.m.wikipedia.org/wiki/%D9%8A%D8%A7%D8%B3%D8%B1_%D8%B9%D8%B1%D9%81%D8%A7%D8%AA,«οι δ ©
"2,004",1/11/2004,βμν©  γΰ ιΆ¥«λ γιξ ο«© γ©εΆ,εο λμοΆ Ά¬©ολ ινι £λ ¥­© ηνΆ ι¥Άιι ι«©οιο ικηαγ΅ §¦ι κ§ολ΅ ©κ ιιμ κθλ ν¤ν§ ι©ο« ι©¥ι ο«© γ©εΆ ( ν γκ©)εεο ¨ιθ ινηΆ  §Ά Άβμ© γιομ γικΆ ικ©ΰ εθλ ι¤κογ οβλ εο ι §ο΅ λμ ©¬¥  «οα ν δο©μ κλ ικ©ΰ ιαεοε΅ νιθλ κγ κ©ν© ινηΆ θλΆ ¥ιΆμ Ά§§ «ν ¥Άξ ν­ι ι¥ι ιξ ¤© κενΰΆ ι¦©¤ ι©ο« ιξ ε©λ« θο οΆγι¤ ν § οΆ¥«λ εεο  §οΆ Ά¬©ολ ι£λο θλ οΆν­ι κγ ©ο« ικιο΅ ιει«αολο  ¦­ν­ Άνογ ι©νΆ  γιξ ικνβεολ ,https://ar.wikipedia.org/wiki/%D9%8A%D8%A7%D8%B3%D8%B1_%D8%B9%D8%B1%D9%81%D8%A7%D8%AA,α©η  ©
"2,004",4/11/2004,¥§ν£ λΆθ«΅ κε¤΅ ιι©ο«,εο 4 Ά¬©ολ ι£λο ­ο   λΆθ«΅ κε¤ εο ­¥Άμ ,https://ar.wikipedia.org/wiki/%D9%8A%D8%A7%D8%B3%D8%B1_%D8%B9%D8%B1%D9%81%D8%A7%D8%AA,α©η  ©
"2,004",8/11/2004,¥βν© νε§ ει«αολο ιι©ο« ο«© γ©εΆ,¤ νε§ κλ ει«αολ κθνλ κλ (κ¥κν§ γ « ν ¥κ§ η©ογ ν ©ν¥ο εΆν¥ ν λ οι ¬γ£) ¤ν ιοακλν γιξ ­¥Άμ,https://www.marefa.org/%D9%8A%D8%A7%D8%B3%D8%B1_%D8%B9%D8%B1%D9%81%D8%A7%D8%AA/simplified,α©η  ©
"2,004",11/11/2004,νε ι©ο« ο«© γ©εΆ ,Άνεο ι¬μο§ ο«© γ©εΆ νγκ©μ 75 «λ΅ κλ ιλΰι νιθε¥ ΰ§ ι¥Άιι ιγ§΅ ¥η ι¬γ  ιει«αολο εηιΆ ε©λ« λμ κΆ £© λοε κ¦ο ¬§ο§ ν γΰ ικΆικΆ κ£ι κΆικ΅ ι¤μ ιμΰκο νηιΆ «νο«© νεη Άη©ο© λμ κΆ  «κ νηιΆ ©ν«ο λμ κΆ κνΆΆ «©ο©ο΅ νδο©μ κλ ιε©ΰοΆ νι¬γΆ ει«›ι ικα©ν¥ θοε κΆ γ©εΆ εεο ¨ιθ ινηΆ ηοκΆ ιμ ¤λ΅ γ«θ©ο εο ε©λ« νΆκ Ά¬οογ ¤£κλμ εο ιημ©΅ γ­κ΅ κ­© ©δκ ιαι  ι¬§ο§ο κλ ιει«αολονλ  Ά¬οογ ¤£κλ ι©ο« ν§ελμ εο ιη§« νιθλ ην ι  ι©εΰ νΆκ §ελμ εο ©κ ιιμ §¦ι ικηαγ΅,https://www.marefa.org/%D9%8A%D8%A7%D8%B3%D8%B1_%D8%B9%D8%B1%D9%81%D8%A7%D8%AA/simplified,α©η  ©
